id,name,population,population_date,osm_relation_id,geom,brief_history,economic_profile
5,"Hulo",31335,"""2020-04-30T16:00:00.000Z""","relation/129372","0103000020E61000000100000023000000B169A510C8415E4078AD293520272D40CF90E0FCBC415E405DBF60376C272D40C3CEB980BC415E400DD9E50066272D4003DA0C26B4415E4071D701C6E9262D408DDDF41DB2415E40DFC72CD6CB262D4078B306EFAB415E405354A29174262D40C037F2E5AA415E40A31D37FC6E262D40772BF0BAA3415E40F69507E929262D4056A41D92B5415E4072721AFDC3252D4037A5BC56C2415E40C77D50BC6F252D4024D3A1D3F3415E40B01D8CD827242D4045C82F7205425E40D257EB1F9F232D405C2DC1F31C425E40B8E864A9F5222D40076EEEF92B425E40BA68C87894222D405E20521D3C425E40973B33C170222D40B107495549425E401E0A552069222D4038D1538957425E4028F4554D6B222D405A8A9A9E66425E40EBDBEE8A85222D40F2A9AD226D425E4021263CFC90222D40DC51521674425E40C68F8C30A0222D4090B4650A67425E4041F74086E9222D40351D4B6947425E40BC3B32569B232D40B58185DD41425E407C0BEBC6BB232D405935632C2E425E403AF6A22C32242D40C4A002162F425E40E8C479933A242D4047E0B4850C425E4018A76B370B252D400EE83BAEFC415E404D744CCC69252D409303D1EEEB415E401BCC704DCB252D409615D401DA415E4078B9E3A837262D4094CCA090D3415E409EFB613A63262D40244EDD4BD0415E40BDD3539A83262D40C77F2667CD415E40ABF35E6BA5262D40E06EA4C7CA415E406930B209D5262D40283B472EC9415E40A6214F37F5262D40B169A510C8415E4078AD293520272D40","Name means “end” due to remote location historically.","Near Pasig River; migration route."
6,"Namayan",7670,"""2020-04-30T16:00:00.000Z""","relation/130314","0103000020E610000001000000410000006794D34359415E404468A961642A2D40D938ACBA58415E409C93CD0B662A2D4012256B1E51415E40AA3418D9842A2D40F7C143624C415E40005A4E9DA22A2D40D0CDA38746415E40366ED685C42A2D40D35B4DE83F415E40193C4CFBE62A2D4059EA0F832F415E4021CB82893F2A2D40A10CFA7722415E40638A28DCE1292D409A0F632D19415E40F37FFDC68D292D40B26E72AE17415E4066C1C41F45292D405DEEDD301B415E40C04F66CDD9282D40929CA7951D415E40EF65EC95C3282D403CA6498421415E40A87F5A56AB282D401C67898425415E407288B83995282D404D56FB2A2F415E40F03504C765282D40FC5B5DA942415E403FAFD3A304282D40DCFDE0325D415E40735D9D0887272D40D732198E67415E4079F71109F0272D40B17B3C3E6B415E4071EC342D0C282D40A0D7440B75415E40612C1DBD2B282D403D693C6C7D415E406B161EEA2D282D40ADBF25007F415E409BAE27BA2E282D4028428FBD83415E40CEE38B5132282D403A6865B183415E40276085A5CB282D40993160248F415E40DA3E3FE7C9282D40CCD3B9A294415E40D9710D7DC1282D40BEEB7DF497415E40C35554B3BD282D408137EEDE9B415E40CD5C3BACCB282D40AA9F92CE9B415E406F230AD231282D40285A5E5EA5415E40AFD2DD7536282D40704EDB75A5415E406D9B98E436282D4044F1CFB1A8415E409BE8F35146282D403D6D437BAB415E408459B2744F282D402E7C3320B1415E407147EE9F5D282D40AC58FCA6B0415E404214820B68282D4005A4FD0FB0415E40E89DAFFE74282D40429770E8AD415E40780F2B37AC282D4030B95164AD415E407D11233ABA282D404E03AB8FAC415E40A76E788BD1282D400D8AE601AC415E40DD2B4E10D0282D403E5C72DCA9415E402618CE35CC282D40972831BE9E415E403DE1DBAADA282D407AD33E679C415E40AE32AE13F2282D405809CCF998415E408F45E40522292D4018963FDF96415E405815866D30292D406F25E07C8F415E4006F357C85C292D40C4E4B27680415E40EAB9E067B7292D404900EDFD7C415E4025F72AE8AC292D403B8501F074415E40FDD98F1491292D402B6E371C71415E402A15F99A8A292D40B6E4A72762415E4011C4793881292D40805B1C3A62415E40F6CDA21C71292D406DDB41365A415E4085460B2B70292D401393DC065A415E40F9F36DC152292D40A445C71F56415E4035DE0CED52292D409E40D82956415E4058B4EF4053292D40D4F7753B56415E40D34D621058292D409E85F35F56415E402D55B31886292D402D40DB6A56415E402857C224A6292D40211FF46C56415E40DFFAB0DEA8292D40D43C917156415E405FC1EC54AF292D4063F7787C56415E4083E794360B2A2D4063F7787C56415E40207FC40A122A2D40F6C484E258415E4038F92D3A592A2D406794D34359415E404468A961642A2D40","Refers to the ancient Kingdom of Namayan (1300s).","Historical roots; no modern economic highlight."
1,"Wack-Wack Greenhills",10678,"""2020-04-30T16:00:00.000Z""","relation/104444","0103000020E6100000010000008E000000B7D5AC33BE435E403CF482F4B92F2D400E993CAFC2435E4052ED783826302D403FBF9426CA435E40B8EDD68DD2302D40F65C4B6DCE435E40C6A1235E43312D40C55CAD6ED0435E40F619619B9E312D40E289C514D1435E400473F4F8BD312D40B8C260A3D1435E405FC5F363DD312D400646031DD2435E40A8C06E7DFD312D402F38DE78D2435E407B771A1F1C322D4029780AB9D2435E4059F0EC3C3B322D40238A24D5D2435E404F7D7B325A322D40E2C8A8D7D2435E40DB7C6D4782322D400B314DC7D2435E4089851046A2322D40948A2194D2435E4058DC24ABC7322D401195FC3ED2435E40280B5F5FEB322D40ACFD9DEDD1435E407B0ACA7E27332D40D6C4025FD1435E408DB800344A332D403674B33FD0435E4053E751F17F332D407E9C7AEECE435E4092527534B3332D40F6D5B03ACD435E4036F39A0DE8332D40AA2798D6CB435E40349A01D30E342D403F04B05CCA435E40F876A62B33342D40876EF607CA435E40D32934B511342D400479D1B2C9435E40F78F85E810342D40FFD53E78C8435E40F93FD1860D342D404DECEB0AC7435E400742B28009342D407EF2C17CC3435E4084B64192FE332D408018D7AEBF435E40E95ECC3BF3332D40A2DC6C62B7435E40BF492E5ADB332D400EDB1665B6435E40A99D06B1D8332D40079964E4AC435E40DA63D817BF332D40D589157FA5435E407851AA33AD332D40DD89A3BCA0435E40ACB1DF6EA4332D40972BCDF79D435E402B830FCAA0332D40E179A9D898435E408C834BC79C332D409D103AE892435E4063A8797D9C332D40B5E276C391435E406E6AA0F99C332D406D6C1BEB87435E40FFAF3A72A4332D40C044172F71435E407A5B9F28BF332D40121A1C8068435E40C344285BC9332D40C50FDFD366435E4098497952CB332D402B37AC0466435E4009D11044CC332D405E1BE0385F435E404CD5873FD4332D40F316597C54435E40B02770A1E1332D40BEF561BD51435E405574DA09E5332D40DD59603450435E400E805DF2E4332D40CB36267A4F435E406FF02A10E2332D40AD5681B545435E40BA432F489F332D4095CC560339435E40ED50A80249332D405498ADAB38435E404774CFBA46332D404DFAD6E22E435E40EC12D55B03332D4077C13B542E435E4071E9F3ACFF322D40485744A82D435E40681FD03EFB322D40D1AD7C3B2E435E403AD274D1EB322D40E859FF9D23435E40CE39D3DFA6322D40D73A27ACC3425E40E0E0664C1C302D40E283E85AC5425E4078C949720A302D4088D68A36C7425E40D59FB3BBF62F2D403CE93356D1425E401502B9C4912F2D400D18247DDA425E40A6176B6E3B2F2D40A6CA411ADF425E40DEC83CF2072F2D4027553607E3425E405A0EF450DB2E2D40D883A4AAE4425E400F8B074AC02E2D40A4005130E3425E4062A2410A9E2E2D403D15CB88E6425E40B1F84D61A52E2D409A0EF857EA425E405C02F04FA92E2D40DFED30DCEF425E40D20CF32F932E2D4018AF1E9CF4425E407FD4CB947B2E2D40FED30D14F8425E40C1D1448E632E2D401A9C2DC5FA425E4095A4C6DF512E2D40E5CAEA67FB425E4039C25895332E2D4091B58652FB425E40BE33DAAA242E2D403E5EA340FA425E40D212D0E91E2E2D40230FE95CF6425E405E7E4C101A2E2D408231C797F5425E404DA83BAAF52D2D40F7802F3BFA425E409F0436E7E02D2D40A098068F00435E405F0DABD3DC2D2D404011305F03435E40E0E1D121CB2D2D40F22895F004435E4080BCB266BF2D2D40AB68627003435E40AC38D55A982D2D4035CB0AEA00435E40548B2DA97F2D2D4067E8E96DFD425E40713F3B3B742D2D40FCC165BAFC425E40E78EFE976B2D2D400EA32078FC425E4028D1370E612D2D4085D61E51FC425E400256FD005A2D2D4074EACA67F9425E40943FCEEAD32C2D403343F4B5F8425E403A9D1A1EB12C2D40AA8DFBA0F8425E40A03AB1E2AF2C2D4045F064DCF9425E40C9D8BFA1A62C2D40442F489FFB425E403416A8209A2C2D40AE2182BBFD425E4041DBC58F8C2C2D4001C11C3DFE425E40DD7DE948892C2D40C5A2337AFF425E40ACD0F69E802C2D40247ABE0B00435E4043B6E2D17C2C2D40477EB38300435E40AA735655792C2D40464A69EC01435E4044296BE56F2C2D407B6EFCE403435E40EB98A9FF622C2D40B0C33D3B05435E40D80462235A2C2D40911A248E06435E400C65975E512C2D40B460980208435E408E06F016482C2D40BE86E0B80C435E40C154336B292C2D4009579B5A11435E40950ACFF00B2C2D40601DC70F15435E4084995BC6F22B2D40E39C22D115435E40AAF7AF07EE2B2D40EF02250516435E40169A35C2EC2B2D4041CD357117435E40262488A9E32B2D40C948AC7B1A435E40B997EAB8D02B2D4063A8797D1C435E4072CE3E45C42B2D40E151746E24435E402D16759C912B2D40CF6D1D7725435E4066A3737E8A2B2D4009D91E6228435E4093516518772B2D40686B8EBD28435E40356909E8742B2D40EEAFC33D3B435E4075914259F82A2D403127689343435E405E34BFF5BC2A2D40FBA6FADF5B435E4086A9D2BB1D2A2D40396AE0A26E435E40D41BA4969C292D40FDD8C9856F435E4072265C7E96292D409BED6536A3435E4069D6636C32282D4063B1F270A7435E407EC3448314282D406D252A0AAA435E407B9972CF04282D4019219793AB435E40911AC9D413282D40F06B2409C2435E402644AFF5FB282D4054E00962C5435E40C76A4EB91D292D4090211164CE435E403315E29178292D405E5DBAEED2435E40EB4C463AA8292D40F25B74B2D4435E40EE0E84BFBA292D40B66801DAD6435E40ED287398D4292D40EB7BC333D7435E40F6AADF96D9292D4015B3B9C5D7435E407B9EE4B3E1292D40BB0B9414D8435E40F2D7BF46ED292D409E3D3CF0D6435E40E5637781922A2D40D4B25A05D6435E40E83FB50B172B2D40F436363BD2435E40E8AAD4473B2D2D401ED08888D1435E405FA40689A32D2D407777AE39D1435E402FBE688F172E2D402986F590BA435E40316AAD1EE62D2D400949B082A9435E406D8D08C6C12D2D403A24B550B2435E409DF17D71A92E2D4098B38872B3435E406B0BCF4BC52E2D40D78DD200B9435E400F971C774A2F2D4076EFF2BEBB435E405ED1521E822F2D40B7D5AC33BE435E403CF482F4B92F2D40","Named after local crows (“uwak”); hosts Golf & Country Club.","High-income, low-density, exclusive area."
2,"Highway Hills",43267,"""2020-04-30T16:00:00.000Z""","relation/104445","0103000020E6100000010000007C00000001C11C3DFE425E40DD7DE948892C2D40AE2182BBFD425E4041DBC58F8C2C2D40442F489FFB425E403416A8209A2C2D4045F064DCF9425E40C9D8BFA1A62C2D40AA8DFBA0F8425E40A03AB1E2AF2C2D4075914259F8425E40773705E8AD2C2D40D56E055EF7425E40A35291AFA92C2D40707B82C4F6425E40E05C0D9AA72C2D409A14D511F6425E403BC8EBC1A42C2D400ECEF11BF0425E40564A2AAE852C2D407EEAB35EE7425E4087D62F7D542C2D4027F911BFE2425E4035BEE5A03A2C2D40702AAD1ADF425E409FE6E445262C2D4055F833BCD9425E4003ED0E29062C2D4026D35746D9425E409A62693B012C2D40389D09F2D8425E40919845CDFC2B2D404F63D6E6DA425E40AF6C301EEF2B2D40845CF3F4DB425E400DF0EE12E62B2D40D113854CE8425E40A320787C7B2B2D403EDCC47FF0425E40C594A35B0A2B2D40EFF32911F2425E408E0D935FF52A2D406C6BFAA2F3425E408DB3E908E02A2D4012AA2FA6F4425E400B900D49D22A2D4050C6F830FB425E4021EC6F64792A2D40F61ED37FFB425E40A7261CD5442A2D40F67AF7C7FB425E40AB04300A272A2D40621D7D82FA425E40B8F41E1D0D2A2D40E7C2ED75F7425E402C4BCF4FCC292D408EC5DBEFF5425E404A7D59DAA9292D402357A0CCF5425E407D75FAE6A3292D40C47C7901F6425E40DF4D5C339E292D407FA31D37FC425E4073FD71B158292D400951BEA005435E40FBE362B1F2282D4077DA1A110C435E408461C092AB282D40FAB836540C435E40CE95F727A7282D40F4CA50700C435E4047AAEFFCA2282D404DCE9A690C435E4061B6AEE29E282D40FF7D213FF6425E40B33E8ADFB9282D4046D9B683EC425E403425A314BE282D40A905E56CF0425E40BB2C81EF91282D40DC792CC7F5425E40F408241752282D4076244D72F6425E40D42247DF49282D4051700C5CF9425E40BDFF8F1326282D40025DA04907435E4027028BB26D272D40E94DA0E3FE425E403080F0A144272D407F726FD9FC425E4022D1BAFC3D272D40E585CF31FB425E40B8DE80E03B272D403A909A1BF8425E40E0E12CDB3D272D402E2A98E7F7425E403333333333272D40C334C291F6425E40B0164449ED262D4024DC1AC7FE425E400EE2B9ADE3262D40412E71E401435E4043D25DC8D9262D4010CF126404435E404E57C1B9D0262D4013F06B2409435E40BA4FE9BBB6262D40B10001C60E435E4006FA9F5797262D40EF75525F16435E40EC7948426C262D400E87A5811F435E409BB7A0AD39262D40DB21B4D430435E408FE5B8AEF3262D406015B9F138435E4087B3113E4A272D40063A49A93A435E4062E822CF3F272D406A2A30093C435E407EA42D5338272D404CB8A17348435E40F98F3B5BF6262D40FD6A0E104C435E403F2A0F1CE1262D402BACAF0944435E40C1E03F8287262D405C53C5F940435E4066D6F78667262D40467C27663D435E40EB9D1BE43F262D40E7D54A323C435E40D4449F8F32262D402B6794D343435E4063B9008F03262D405927785446435E4089B2B794F3252D40A015BDF847435E40558847E2E5252D406952AF004B435E4024A188A0C5252D40C1C58A1A4C435E4043BD2A61B7252D40448D9D4B4C435E403623DE95B8252D40D372FB404D435E40D4BA0D6ABF252D40BEEF294A53435E40BC45BB65E2252D40E9DFE46D5B435E40C206FAFA10262D406B871AE05D435E408D5E0D501A262D40D9582EC063435E40500CDAF51C262D40ADE17DB067435E4080C1C99129262D406B4B789D68435E40B9B365AF2D262D4097F9B3C46F435E4043E7357689262D403053495373435E400BA9EC05B0262D40E2F4E45075435E4031B19EFFC3262D4081B5C59077435E4055E12AAAD9262D40C6353E937D435E404C1B0E4B03272D404D83A27980435E409F0B7E761B272D40063065E080435E407AC2120F28272D406BC7C33181435E402531523937272D4082902C6082435E4098851B9540272D40BFC062C389435E402BD5AA025A272D40C59107228B435E40CE71C9CC60272D40DAF2DB218F435E408A3F8A3A73272D40C65E398C93435E40E761B2028D272D40A1489CBA97435E40107459F1B2272D404C6CE3F49A435E40818F66D1E0272D400AF0822D9B435E4050FF59F3E3272D40E32FD230A1435E4020B017AF1E282D409BED6536A3435E4069D6636C32282D40FDD8C9856F435E4072265C7E96292D40396AE0A26E435E40D41BA4969C292D40FBA6FADF5B435E4086A9D2BB1D2A2D403127689343435E405E34BFF5BC2A2D40EEAFC33D3B435E4075914259F82A2D40686B8EBD28435E40356909E8742B2D4009D91E6228435E4093516518772B2D40CF6D1D7725435E4066A3737E8A2B2D40E151746E24435E402D16759C912B2D4063A8797D1C435E4072CE3E45C42B2D40C948AC7B1A435E40B997EAB8D02B2D4041CD357117435E40262488A9E32B2D40EF02250516435E40169A35C2EC2B2D40E39C22D115435E40AAF7AF07EE2B2D40601DC70F15435E4084995BC6F22B2D4009579B5A11435E40950ACFF00B2C2D40BE86E0B80C435E40C154336B292C2D40B460980208435E408E06F016482C2D40911A248E06435E400C65975E512C2D40B0C33D3B05435E40D80462235A2C2D407B6EFCE403435E40EB98A9FF622C2D40464A69EC01435E4044296BE56F2C2D40477EB38300435E40AA735655792C2D40247ABE0B00435E4043B6E2D17C2C2D40C5A2337AFF425E40ACD0F69E802C2D4001C11C3DFE425E40DD7DE948892C2D40","Along key roads; area of vertical developments.","Home to high-rise condominiums."
11,"Malamig",12054,"""2020-04-30T16:00:00.000Z""","relation/146565","0103000020E610000001000000470000002A73F38DE8425E406711E56613272D402ABE4637E7425E40EB01F39029272D40F2892B1DE2425E406446D33483272D40EC70CF4EE1425E406E0503BE91272D40935CB4B6DF425E4059A89086AE272D40D7D0178CDB425E40E7F6370DF6272D40140C42D4D8425E40E1AD98B624282D40C333FC02D5425E40FBF72A4366282D40B31C322FD1425E407DE13A6B5C282D40129B34B2D0425E4079FC28345A282D4095D81077D0425E406D82B92759282D4056B60F79CB425E40676BD84A43282D40753FA720BF425E40054AAF720D282D40F20703CFBD425E404AE18B4006282D409ADCDE24BC425E406440F67AF7272D40D0DECFDFBA425E401DBF0177EA272D40C3AB9B41B2425E40D69A9C908C272D4015E69887A7425E405F5CAAD216272D40B304BE47A2425E40E2D121CBDD262D407218CC5FA1425E40D5D237C4D3262D40721B6899A0425E40274C18CDCA262D40F0C91EFC9F425E40A180ED60C4262D40938E72309B425E401C412AC58E262D40CFE04AD1A5425E407B2876D954262D404B72C0AEA6425E4040CE458D53262D4092A8BCC2A7425E40DAA040E955262D409FE0078C9A425E402431F77FC4252D408AB95ADDA0425E40A363BD079E252D40DAB0016C9B425E40F448282268252D40E02BBAF59A425E40CE8536A561252D405776C1E09A425E40F08EE78E59252D4045BDE0D39C425E40941C0B653C252D40F0FACC599F425E400749FA0F44252D40252598C59F425E407788DA9145252D40AC3EB214A4425E4052D7DAFB54252D40B6ACB13AA8425E40D96F37D263252D40432D173BAB425E40CD12AE916E252D409CEE867EB7425E40813D26529A252D4054539275B8425E40FB6E04F3A1252D404E34FE33B9425E407F1A52A0AA252D40ADF47FB3B9425E40DE3F715BB6252D40AC08ED8BBA425E4072F49D04DB252D404D73E1F6BA425E409DB98784EF252D40D66DF541BB425E40B0BD6081F9252D4082F9D0AABB425E40CFA33DB901262D403BA69311BC425E40CDD3145C07262D402DD8FCAEBE425E401E1439E922262D401B255415BF425E4051B92EA127262D407F9F1628CE425E40C75A8D36D8252D4066B098C7D0425E409785C0DBCD252D400303AD65D7425E40DEAF027CB7252D4006723F96F4425E4075E789E76C252D40B7C887EAF7425E40C8C8FE1E61252D40FCC165BAFC425E40F26904D149252D409A62693B01435E4021F01BBA34252D4020BB664D07435E4004BD81131B252D400714A05C09435E40B235B6323C252D40B80EC4680C435E400FE555E762252D400E87A5811F435E409BB7A0AD39262D40EF75525F16435E40EC7948426C262D40B10001C60E435E4006FA9F5797262D4013F06B2409435E40BA4FE9BBB6262D4010CF126404435E404E57C1B9D0262D40412E71E401435E4043D25DC8D9262D4024DC1AC7FE425E400EE2B9ADE3262D40C334C291F6425E40B0164449ED262D400F61FC34EE425E4063827577F8262D40879A3281EC425E40068F256200272D40116D6C1BEB425E407F784C9308272D40A05B9EBDE9425E40818D356D10272D402A73F38DE8425E406711E56613272D40","Named after the old barrio; likely cooler environment.","No distinct economic activity."
3,"Barangka Ilaya",22334,"""2020-04-30T16:00:00.000Z""","relation/104446","0103000020E6100000010000005C000000FD6A0E104C435E403F2A0F1CE1262D404CB8A17348435E40F98F3B5BF6262D406A2A30093C435E407EA42D5338272D40063A49A93A435E4062E822CF3F272D406015B9F138435E4087B3113E4A272D40DB21B4D430435E408FE5B8AEF3262D400E87A5811F435E409BB7A0AD39262D40B80EC4680C435E400FE555E762252D400714A05C09435E40B235B6323C252D4020BB664D07435E4004BD81131B252D409A62693B01435E4021F01BBA34252D40FCC165BAFC425E40F26904D149252D40B7C887EAF7425E40C8C8FE1E61252D4006723F96F4425E4075E789E76C252D400303AD65D7425E40DEAF027CB7252D4066B098C7D0425E409785C0DBCD252D4042C6489BCF425E40380DF6CBCC252D4048B42E7FCF425E4068603F1FC0252D4042AF3F89CF425E4083ED71F096252D4042C6489BCF425E4076F97BCE82252D400DCA8F53CF425E40D65757056A252D40374CD98ECE425E403AB4233031252D4061B47D7ECE425E40A29174722B252D40B8019F1FC6425E400B35F91C0E252D40B32D5E87C5425E40473F75070C252D40F9BCE2A9C7425E406B76EE87E9242D4045AD7A0ACA425E407C56E3B6C7242D404A021E62CD425E4029E4EF8398242D40309DD66DD0425E403A5F47776B242D40807D74EACA425E4066F84F3750242D40C3D1FA00C9425E40487A072E45242D40590DD308C7425E40497DFE2037242D40A9A8554FC1425E40FA5FAE450B242D40C160EDDEC0425E408A68853309242D408C1F1961C0425E405BD07B6308242D403046C950BA425E40B5ABEBAB06242D40E03D5123BE425E40F14CC34BCB232D404BA9F00CBF425E40F6CC3747C2232D40AAC596D4BF425E40786E90FFB8232D40A3A60293C0425E40EF25E88AAD232D4091BF0F62C2425E40094E7D2079232D408FFB56EBC4425E408CEEC5BC33232D40D88B570FCE425E401B8F087C34232D40D8B1B6CEE4425E40BD6CE0B31A232D40DEB9E644F1425E40334C12F010232D40A9256772FB425E40131E7E4809232D4069A44A3904435E40BBCA7FED05232D40D35D23931D435E409E5E29CB10232D40568737C629435E405F84848318232D40EF2B20FE2B435E40F1A54B5A4C232D40EF84A80C2D435E40D66EBBD05C232D40231C695F2F435E40A758350873232D4057AA550534435E4059B3846BA4232D404425BF8F34435E4092448A5CCB232D406ECFE27B35435E402AE9BC21E8232D409D95FE6F36435E402ABEEB7DF4232D408AAE0B3F38435E40669D96C4FE232D40AC8F87BE3B435E40906D742909242D40582FD0FF3C435E4058B89B960E242D40B7D8486D3D435E40D471EB2411242D4027EA16CB3E435E40FF61A64819242D40B6E9190C3F435E40F2EF332E1C242D4080FE316340435E408B4FA6762B242D404A5B012A41435E40FC1301F335242D405A47551344435E404D0C6E1052242D40C56DD9C644435E402AE3DF675C242D40A77FA4E345435E40B1EBCD5E6C242D407169465046435E40EC3A0AC677242D401866FC5646435E40A5F3E15982242D4083610A2046435E40048992358F242D40AE1A3A2C43435E40434761CDB7242D4025ADF88642435E40CEA4F21BCB242D401487229342435E40996C9791D5242D40E402869B42435E4057276728EE242D406726BD1443435E404F6848CB37252D40A29D2EE642435E4033816CA34B252D403189C44E42435E40BCC9141857252D408B47F31142435E40407562C55F252D409107C7D141435E40590E999768252D409D3FB7E141435E401711209E80252D40B05D352A4B435E40CF00CDD6B0252D40CDA156E24B435E40AF5FB01BB6252D40C1C58A1A4C435E4043BD2A61B7252D406952AF004B435E4024A188A0C5252D40A015BDF847435E40558847E2E5252D405927785446435E4089B2B794F3252D402B6794D343435E4063B9008F03262D40E7D54A323C435E40D4449F8F32262D40467C27663D435E40EB9D1BE43F262D405C53C5F940435E4066D6F78667262D402BACAF0944435E40C1E03F8287262D40FD6A0E104C435E403F2A0F1CE1262D40","Same origin as above.","Low density but predominantly commercial and industrial."
4,"Buayang Bato",2913,"""2020-04-30T16:00:00.000Z""","relation/104447","0103000020E61000000100000062000000178D6B3299435E401B71B7DA79252D4042B9C89896435E407B4B395FEC252D409A6B877599435E404671D8C754272D406D252A0AAA435E407B9972CF04282D4063B1F270A7435E407EC3448314282D409BED6536A3435E4069D6636C32282D40E32FD230A1435E4020B017AF1E282D400AF0822D9B435E4050FF59F3E3272D404C6CE3F49A435E40818F66D1E0272D40A1489CBA97435E40107459F1B2272D40C65E398C93435E40E761B2028D272D40DAF2DB218F435E408A3F8A3A73272D40C59107228B435E40CE71C9CC60272D40BFC062C389435E402BD5AA025A272D4082902C6082435E4098851B9540272D406BC7C33181435E402531523937272D40063065E080435E407AC2120F28272D404D83A27980435E409F0B7E761B272D40C6353E937D435E404C1B0E4B03272D4081B5C59077435E4055E12AAAD9262D40E2F4E45075435E4031B19EFFC3262D403053495373435E400BA9EC05B0262D4097F9B3C46F435E4043E7357689262D406B4B789D68435E40B9B365AF2D262D40ADE17DB067435E4080C1C99129262D40D9582EC063435E40500CDAF51C262D406B871AE05D435E408D5E0D501A262D40E9DFE46D5B435E40C206FAFA10262D40BEEF294A53435E40BC45BB65E2252D40D372FB404D435E40D4BA0D6ABF252D40448D9D4B4C435E403623DE95B8252D40C1C58A1A4C435E4043BD2A61B7252D40CDA156E24B435E40AF5FB01BB6252D40B05D352A4B435E40CF00CDD6B0252D409D3FB7E141435E401711209E80252D409107C7D141435E40590E999768252D408B47F31142435E40407562C55F252D403189C44E42435E40BCC9141857252D40A29D2EE642435E4033816CA34B252D406726BD1443435E404F6848CB37252D40E402869B42435E4057276728EE242D401487229342435E40996C9791D5242D4025ADF88642435E40CEA4F21BCB242D40AE1A3A2C43435E40434761CDB7242D4083610A2046435E40048992358F242D401866FC5646435E40A5F3E15982242D407169465046435E40EC3A0AC677242D40A77FA4E345435E40B1EBCD5E6C242D40C56DD9C644435E402AE3DF675C242D405A47551344435E404D0C6E1052242D404A5B012A41435E40FC1301F335242D4080FE316340435E408B4FA6762B242D40B6E9190C3F435E40F2EF332E1C242D4027EA16CB3E435E40FF61A64819242D40B7D8486D3D435E40D471EB2411242D40582FD0FF3C435E4058B89B960E242D40AC8F87BE3B435E40906D742909242D408AAE0B3F38435E40669D96C4FE232D409D95FE6F36435E402ABEEB7DF4232D406ECFE27B35435E402AE9BC21E8232D404425BF8F34435E4092448A5CCB232D4057AA550534435E4059B3846BA4232D40231C695F2F435E40A758350873232D40EF84A80C2D435E40D66EBBD05C232D40EF2B20FE2B435E40F1A54B5A4C232D40568737C629435E405F84848318232D407EE9488938435E40DC8882740C232D40201043064D435E40F50EB743C3222D40C6BE092A4F435E40ACFB6C8901232D404EA214634F435E40C6B4801A08232D402BC995D54F435E4043F34AA313232D4000474C9A50435E40E2C73D0224232D40833C71EF50435E4095C3DD0F2E232D4083AF9E4951435E40D99F7A5A34232D406B0B749252435E405930F14751232D40471BECF252435E4043E966DA59232D400A3CE6F255435E406CFF14D8AD232D40EBC0DE6957435E40267733FED8232D4009EEF60F58435E409AE0E533EA232D405C8D919158435E40C7E58931FA232D401A283ADC58435E400D47A17609242D408328A95D5D435E40278D2CF41C242D4056C2C9EC62435E40CCEB884336242D40F6B0BC5065435E40E3F8461916242D401A90189870435E40986082644B242D404A37D3CE7A435E40C8444AB379242D4080C9D7AF85435E408F030A50AE242D408CD0196286435E409358ADA7B1242D4021EFB0E485435E408436EFEEB7242D400513245B82435E40E4422FEDE5242D40774A07EB7F435E401EAC5A2D0B252D4096C50E747E435E40D8A1F54B1F252D40B2BB404981435E4068C7B20529252D403168D77388435E407980DD9F41252D40F5A8AE3289435E40604C440944252D4072B0EDA389435E40DC95027745252D409042A38595435E40873E0E396C252D40178D6B3299435E401B71B7DA79252D40","Named after the legend of a stone crocodile.","Industrial; low density; riverside barangay."
7,"Barangka Itaas",11242,"""2020-04-30T16:00:00.000Z""","relation/134695","0103000020E6100000010000004900000066B098C7D0425E409785C0DBCD252D407F9F1628CE425E40C75A8D36D8252D401B255415BF425E4051B92EA127262D402DD8FCAEBE425E401E1439E922262D403BA69311BC425E40CDD3145C07262D4082F9D0AABB425E40CFA33DB901262D40D66DF541BB425E40B0BD6081F9252D404D73E1F6BA425E409DB98784EF252D40AC08ED8BBA425E4072F49D04DB252D40ADF47FB3B9425E40DE3F715BB6252D404E34FE33B9425E407F1A52A0AA252D4054539275B8425E40FB6E04F3A1252D409CEE867EB7425E40813D26529A252D40432D173BAB425E40CD12AE916E252D40B6ACB13AA8425E40D96F37D263252D40AC3EB214A4425E4052D7DAFB54252D40252598C59F425E407788DA9145252D40F0FACC599F425E400749FA0F44252D40BAF8DB9EA0425E4066CFAFF72C252D40B40AF6BAA0425E40456458C51B252D405CB45B269E425E40E51E5C4B12252D40441669E29D425E40C5F0C7A30A252D40C1069F419E425E4085B1852007252D406831676C9E425E40A403ED69E2242D40558F8F71A0425E4059D6A2AAAE242D408A743FA7A0425E4085F12E72AA242D409A8EA5B4A3425E401C3CB8E0B1242D40B8BBBD5AA4425E4052B1D6F5B0242D40B212F3ACA4425E40CAA5F10BAF242D402843554CA5425E400B30E2F1A3242D40C1069F419E425E40989E550B91242D403A8EC4709A425E40A900CE4186242D401E25654197425E409067976F7D242D40C0E3800294425E40DFFE5C3464242D40E036AEDA90425E40EFE9454838242D4099BB96908F425E40A3714D2613242D401C2785798F425E403D2762B609242D40E053EF5F8F425E4011EFEF2202242D406FE0C4468F425E4030197DBBDB232D402E1F49498F425E400331BF89D7232D403A5739598F425E4059B3846BA4232D406979799590425E40B577FCCD7A232D405C69633692425E4026512FF834232D40C03C091195425E40B8AE9811DE222D40C72B103DA9425E40586DA3A602232D404FF51A71B7425E40047E439726232D408FFB56EBC4425E408CEEC5BC33232D4091BF0F62C2425E40094E7D2079232D40A3A60293C0425E40EF25E88AAD232D40AAC596D4BF425E40786E90FFB8232D404BA9F00CBF425E40F6CC3747C2232D40E03D5123BE425E40F14CC34BCB232D403046C950BA425E40B5ABEBAB06242D408C1F1961C0425E405BD07B6308242D40C160EDDEC0425E408A68853309242D40A9A8554FC1425E40FA5FAE450B242D40590DD308C7425E40497DFE2037242D40C3D1FA00C9425E40487A072E45242D40807D74EACA425E4066F84F3750242D40309DD66DD0425E403A5F47776B242D404A021E62CD425E4029E4EF8398242D4045AD7A0ACA425E407C56E3B6C7242D40F9BCE2A9C7425E406B76EE87E9242D40B32D5E87C5425E40473F75070C252D40B8019F1FC6425E400B35F91C0E252D4061B47D7ECE425E40A29174722B252D40374CD98ECE425E403AB4233031252D400DCA8F53CF425E40D65757056A252D4042C6489BCF425E4076F97BCE82252D4042AF3F89CF425E4083ED71F096252D4048B42E7FCF425E4068603F1FC0252D4042C6489BCF425E40380DF6CBCC252D4066B098C7D0425E409785C0DBCD252D40","From Barangka; same legendary roots.","Similar to Ilaya; no specific highlight."
8,"Vergara",4357,"""2020-04-30T16:00:00.000Z""","relation/134742","0103000020E61000000100000026000000476EF200BB415E405519219793272D40B9B6A62FBA415E404C61EF0FA5272D409029C4C8B7415E40872FB88BD5272D408ADFB99CB7415E40CD73E904D9272D40974E907DB5415E40A504B3F803282D40F1C7A30AB5415E407C66A4390D282D40C868D3C7B2415E400B0BEE073C282D40811BCEA1B1415E402FF3C24252282D402E7C3320B1415E407147EE9F5D282D403D6D437BAB415E408459B2744F282D4044F1CFB1A8415E409BE8F35146282D40704EDB75A5415E406D9B98E436282D40285A5E5EA5415E40AFD2DD7536282D40AA9F92CE9B415E406F230AD231282D408137EEDE9B415E40CD5C3BACCB282D40BEEB7DF497415E40C35554B3BD282D40CCD3B9A294415E40D9710D7DC1282D40993160248F415E40DA3E3FE7C9282D403A6865B183415E40276085A5CB282D4028428FBD83415E40CEE38B5132282D40ADBF25007F415E409BAE27BA2E282D403D693C6C7D415E406B161EEA2D282D40A0D7440B75415E40612C1DBD2B282D40B17B3C3E6B415E4071EC342D0C282D40D732198E67415E4079F71109F0272D40DCFDE0325D415E40735D9D0887272D402B1D07B966415E40C00A4B9759272D40C677184971415E404645F70725272D40F2ADB4319B415E40CB36CBC05C262D40772BF0BAA3415E40F69507E929262D40C037F2E5AA415E40A31D37FC6E262D4078B306EFAB415E405354A29174262D408DDDF41DB2415E40DFC72CD6CB262D4003DA0C26B4415E4071D701C6E9262D40C3CEB980BC415E400DD9E50066272D40CF90E0FCBC415E405DBF60376C272D4000BF901FBB415E408C6665FB90272D40476EF200BB415E405519219793272D40","Named after prominent family.","Named Cleanest Barangay in Metro Manila (2004)."
9,"Barangka Ibaba",9040,"""2020-04-30T16:00:00.000Z""","relation/134808","0103000020E6100000010000004100000045BDE0D39C425E40941C0B653C252D405776C1E09A425E40F08EE78E59252D40E02BBAF59A425E40CE8536A561252D40DAB0016C9B425E40F448282268252D408AB95ADDA0425E40A363BD079E252D409FE0078C9A425E402431F77FC4252D4004B4082090425E40A732D6485C252D40F741F1BE85425E40CFC8D6E9F6242D4017258D7681425E40BC259419CA242D40E9C369777E425E4084190923AC242D40317667927D425E405FBEABD4A2242D400257C38F7B425E406271EE6591242D406E4100BA79425E40B50AAC2D86242D4098C349F578425E40F2CC70A884242D402268716B77425E403DF9AA4B7C242D40B81677CD75425E405F9DBEF968242D40256310B372425E4041553B7947242D402610C01770425E4033B4F0AB28242D40F27B9BFE6C425E40CFD8976C3C242D40A20E869565425E4097C80567F0232D408F0DEE1868425E40758588E5E0232D402B20A3F265425E40B58AFED0CC232D405FB7634568425E40B0404F5EBF232D406089512168425E4042DC8B1EAE232D403A9BE9B960425E40247B29E1AE232D40BAC0406B59425E40FFCC203EB0232D40A1B1400551425E40A5A9F985B2232D4031A072A74F425E40EBC5504EB4232D407183EB9B45425E40069C4AABC6232D406C6D2B0744425E409BD1EA3FC6232D4090BC732843425E40C61451B8C3232D40B58185DD41425E407C0BEBC6BB232D40351D4B6947425E40BC3B32569B232D4090B4650A67425E4041F74086E9222D40DC51521674425E40C68F8C30A0222D4033FE7DC685425E409C7BFE6AC4222D40DF5E888B92425E409688015CDA222D40C03C091195425E40B8AE9811DE222D405C69633692425E4026512FF834232D406979799590425E40B577FCCD7A232D403A5739598F425E4059B3846BA4232D402E1F49498F425E400331BF89D7232D406FE0C4468F425E4030197DBBDB232D40E053EF5F8F425E4011EFEF2202242D401C2785798F425E403D2762B609242D4099BB96908F425E40A3714D2613242D40E036AEDA90425E40EFE9454838242D40C0E3800294425E40DFFE5C3464242D401E25654197425E409067976F7D242D403A8EC4709A425E40A900CE4186242D40C1069F419E425E40989E550B91242D402843554CA5425E400B30E2F1A3242D40B212F3ACA4425E40CAA5F10BAF242D40B8BBBD5AA4425E4052B1D6F5B0242D409A8EA5B4A3425E401C3CB8E0B1242D408A743FA7A0425E4085F12E72AA242D40558F8F71A0425E4059D6A2AAAE242D406831676C9E425E40A403ED69E2242D40C1069F419E425E4085B1852007252D40441669E29D425E40C5F0C7A30A252D405CB45B269E425E40E51E5C4B12252D40B40AF6BAA0425E40456458C51B252D40BAF8DB9EA0425E4066CFAFF72C252D40F0FACC599F425E400749FA0F44252D4045BDE0D39C425E40941C0B653C252D40","Offshoot of original Barangka; story of name ""Ka Barang"" legend.","Hosts informal settlers on road lots."
10,"Barangka Drive",15474,"""2020-04-30T16:00:00.000Z""","relation/134811","0103000020E6100000010000003A00000092A8BCC2A7425E40DAA040E955262D404B72C0AEA6425E4040CE458D53262D40CFE04AD1A5425E407B2876D954262D40938E72309B425E401C412AC58E262D4016C90D758E425E404D37E4FAD2262D408E3EE60382425E40A2331FC65A262D40F25602CE77425E406AE9C028F7252D40FE0FB0566D425E40DF30766792252D40A3B899C063425E4031DF0BDD36252D403B76AB425E425E40F39CE39299252D404B8A349655425E40C627AE7488252D4062D1BE034D425E40D402C5D9BE252D407C6A508F48425E40DD4A6540AC252D40A634513A47425E401B8A969757252D406BF1290046425E40BB26A43506252D409467035548425E4099897D5DE1242D40C8CD154A4B425E40ED5003BCBB242D40E0E46D5B4A425E4037853A51B7242D40587D642948425E403C4D66BCAD242D4060D916AF43425E40C26E33709B242D4019726C3D43425E4050D2B2A492242D40D98BB2C840425E4020AA3AF592242D4011418B5B3B425E4014D621927C242D40962EB3BE37425E400917F2086E242D401FD03EFB36425E40AB764D486B242D40BBDCBB6136425E40069A740069242D405D84CE1033425E407267CB5E5B242D40F277EFA831425E4017974FFB52242D40C4A002162F425E40E8C479933A242D405935632C2E425E403AF6A22C32242D40B58185DD41425E407C0BEBC6BB232D4090BC732843425E40C61451B8C3232D406C6D2B0744425E409BD1EA3FC6232D407183EB9B45425E40069C4AABC6232D4031A072A74F425E40EBC5504EB4232D40A1B1400551425E40A5A9F985B2232D40BAC0406B59425E40FFCC203EB0232D403A9BE9B960425E40247B29E1AE232D406089512168425E4042DC8B1EAE232D405FB7634568425E40B0404F5EBF232D402B20A3F265425E40B58AFED0CC232D408F0DEE1868425E40758588E5E0232D40A20E869565425E4097C80567F0232D40F27B9BFE6C425E40CFD8976C3C242D402610C01770425E4033B4F0AB28242D40256310B372425E4041553B7947242D40B81677CD75425E405F9DBEF968242D402268716B77425E403DF9AA4B7C242D4098C349F578425E40F2CC70A884242D406E4100BA79425E40B50AAC2D86242D400257C38F7B425E406271EE6591242D40317667927D425E405FBEABD4A2242D40E9C369777E425E4084190923AC242D4017258D7681425E40BC259419CA242D40F741F1BE85425E40CFC8D6E9F6242D4004B4082090425E40A732D6485C252D409FE0078C9A425E402431F77FC4252D4092A8BCC2A7425E40DAA040E955262D40","Formerly part of a larger Barangka barangay.","High commercial activity; several road lots occupied by informal settlers."
12,"Plainview",29378,"""2020-04-30T16:00:00.000Z""","relation/147498","0103000020E6100000010000005B0000007218CC5FA1425E40D5D237C4D3262D40B304BE47A2425E40E2D121CBDD262D4015E69887A7425E405F5CAAD216272D40C3AB9B41B2425E40D69A9C908C272D40D0DECFDFBA425E401DBF0177EA272D409ADCDE24BC425E406440F67AF7272D4047263B91BB425E408C43A275F9272D40F4588EEBBA425E4086F6FB0FFA272D4000AB2347BA425E40863EB37FF9272D400470B378B1425E4036ABE39DE8272D4031D692E9AB425E4060B1868BDC272D408B975DE6AA425E404E7ADFF8DA272D4062218491A8425E40240F9FCFDB272D40D4F9A69FA6425E40ED79A3FBDE272D4003CE52B29C425E40C390E6D9F6272D400920104386425E407720FCD52D282D401D9430D376425E40C90D750E54282D40E889422674425E401437B8BE59282D40C5F5398867425E40A2597E8571282D404BEC359861425E40A8C30AB77C282D40270A3E1757425E403FE3C28190282D402752F58656425E409E5B8D9191282D409AD42BC052425E40E764F38299282D40746D5E8B4C425E4013BA4BE2AC282D408C3CFF2C4C425E409508F945AE282D40C1525DC04B425E408E2BE400B0282D403F0114234B425E40C8F5A56DB2282D40460C96453C425E4045A80826ED282D401F9CF46338425E4014ED2AA4FC282D40738C1A0236425E40FEE263C10E292D4087037C1233425E400A979F6527292D40E185634C30425E404503C2983E292D40E4F967612A425E404AA4236F6F292D4073582B242A425E401FA9746671292D40E35A481B22425E407495EEAEB3292D403DAC81F71F425E4000CBA54CC5292D408E05854119425E4044639236FA292D406494675E0E425E40358A9B093C2A2D40AA93D85A04425E408CFE863F792A2D40A2D28899FD415E407E9B0F19A02A2D40683C11C4F9415E40891C6CFB682A2D4028FA3207F7415E40D341A89C402A2D408B3155D5F0415E40DC03BEECE8292D404DBC033CE9415E40168CA5A377292D40133AF93EE6415E40492D944C4E292D40396403E9E2415E4070A7BE3D19292D40E2276959D2415E4075E0415832282D4057E7BDD6CA415E40EADF3F27CE272D4010F97832C9415E40EB43CD469D272D40F36F3C44C8415E40D8101C9771272D40704C05CBC7415E40347FF1B160272D40C9946AFAC7415E40186C34CA44272D40B169A510C8415E4078AD293520272D40283B472EC9415E40A6214F37F5262D40E06EA4C7CA415E406930B209D5262D40C77F2667CD415E40ABF35E6BA5262D40244EDD4BD0415E40BDD3539A83262D4094CCA090D3415E409EFB613A63262D409615D401DA415E4078B9E3A837262D409303D1EEEB415E401BCC704DCB252D400EE83BAEFC415E404D744CCC69252D4047E0B4850C425E4018A76B370B252D40C4A002162F425E40E8C479933A242D40F277EFA831425E4017974FFB52242D405D84CE1033425E407267CB5E5B242D40BBDCBB6136425E40069A740069242D401FD03EFB36425E40AB764D486B242D40962EB3BE37425E400917F2086E242D4011418B5B3B425E4014D621927C242D40D98BB2C840425E4020AA3AF592242D4019726C3D43425E4050D2B2A492242D4060D916AF43425E40C26E33709B242D40587D642948425E403C4D66BCAD242D40E0E46D5B4A425E4037853A51B7242D40C8CD154A4B425E40ED5003BCBB242D409467035548425E4099897D5DE1242D406BF1290046425E40BB26A43506252D40A634513A47425E401B8A969757252D407C6A508F48425E40DD4A6540AC252D4062D1BE034D425E40D402C5D9BE252D404B8A349655425E40C627AE7488252D403B76AB425E425E40F39CE39299252D40A3B899C063425E4031DF0BDD36252D40FE0FB0566D425E40DF30766792252D40F25602CE77425E406AE9C028F7252D408E3EE60382425E40A2331FC65A262D4016C90D758E425E404D37E4FAD2262D40938E72309B425E401C412AC58E262D40F0C91EFC9F425E40A180ED60C4262D40721B6899A0425E40274C18CDCA262D407218CC5FA1425E40D5D237C4D3262D40","Former private plain farmland developed into city center.","Hosts City Hall and institutions."
13,"Burol",2650,"""2020-04-30T16:00:00.000Z""","relation/147502","0103000020E61000000100000019000000A5E66157C9415E40A920F58D9E2D2D4025DE4B2BCF415E40DD1F949CB82D2D404D0C6E10D2415E406FEAA80FC92D2D404749FE16D3415E40D14F8248D02D2D402B14E97ECE415E40625F5738EE2D2D40DA9DFF68C9415E40E3E4D940152E2D40CAF962EFC5415E40ED783826302E2D40938C9C85BD415E40429B77F75B2E2D40F92CCF83BB415E4049957208662E2D40245690B0B9415E409256218A6E2E2D40FA91C778B9415E40E1B721C66B2E2D4006859C52B9415E406B03C12D692E2D4089F08A3BB9415E40A89DABF7652E2D40010D8002B9415E40B0FB33283F2E2D401E262BD0B8415E40F9E3AC3E0D2E2D40E397B0ECB8415E40C69F4DB3E52D2D40FBF087FAB8415E40F29DF3AED52D2D405A10CAFBB8415E407FD29A30AB2D2D40D78DD200B9415E40DFF6A9CF7A2D2D40CD3CB9A6C0415E408F2221808A2D2D40F63F65A1C2415E402EDA2D138F2D2D40A857CA32C4415E408675E3DD912D2D40B3BA302DC5415E40915FE40A942D2D40CAE259DDC5415E40787302E4952D2D40A5E66157C9415E40A920F58D9E2D2D40","No historical data listed.","Least populated; no notable economy data."
14,"Harapin ang Bukas",4244,"""2020-04-30T16:00:00.000Z""","relation/1241952","0103000020E6100000010000001A000000245690B0B9415E409256218A6E2E2D40F92CCF83BB415E4049957208662E2D40938C9C85BD415E40429B77F75B2E2D40CAF962EFC5415E40ED783826302E2D40DA9DFF68C9415E40E3E4D940152E2D402B14E97ECE415E40625F5738EE2D2D404749FE16D3415E40D14F8248D02D2D40335F6FACD5415E40245DD83FF42D2D40E548C219D7415E4049658A39082E2D406E6E4C4FD8415E4008DB9953132E2D40EACE13CFD9415E406700B90E1F2E2D40AE015B6FE5415E40EA5674907C2E2D40CCA1FB28D9415E404D7B945BA42E2D4062670A9DD7415E403EE94482A92E2D40CEB00749D5415E40AB104537B12E2D406E652E15C0415E40B7103F5AF72E2D4060E1C913AD415E4067B04E3A362F2D408A07EF06AC415E40ADF47FB3392F2D40A999FFA1AA415E40519F8955282F2D4003BA8A20A9415E4019F89B9A152F2D407561FFD0A7415E407226B737092F2D4081295EC0A6415E40DC23E538012F2D40BD67C988B0415E40D310FA3EC12E2D40AFC10CD7B4415E401D7EED4F982E2D407ED23F77B8415E407005B930772E2D40245690B0B9415E409256218A6E2E2D40","Name means “Face the Future”; likely relocation area.","No specific data."
15,"Hagdang Bato Itaas",10267,"""2020-04-30T16:00:00.000Z""","relation/1241967","0103000020E6100000010000003B000000A76153420B425E4006D49B51F32D2D40610619B707425E401BA5A6B8052E2D404A68267307425E404AF5F818072E2D4028BBF48A02425E40A49AA3D81B2E2D40DED6CC10FD415E40DB696B44302E2D4050DD0143FB415E406DF7BC2C372E2D408368AD68F3415E409654127E4E2E2D4090E854E8F2415E4048838021502E2D40175B52FFEA415E404755B88A6A2E2D405F55078AE9415E40920E6A1A6F2E2D40D1D10550E7415E402F5EE27E762E2D40AE015B6FE5415E40EA5674907C2E2D40EACE13CFD9415E406700B90E1F2E2D406E6E4C4FD8415E4008DB9953132E2D40E548C219D7415E4049658A39082E2D40335F6FACD5415E40245DD83FF42D2D404749FE16D3415E40D14F8248D02D2D404D0C6E10D2415E406FEAA80FC92D2D4025DE4B2BCF415E40DD1F949CB82D2D40A5E66157C9415E40A920F58D9E2D2D40F7C77BD5CA415E4052F8C7D68E2D2D40F48189E4D0415E40D2DAD9FC642D2D40CA41BFA5D2415E40AFE710DD582D2D401F27F15EDA415E402840B912262D2D407CBEC172DF415E409DC541F8062D2D409EA2D92BE2415E402F19C748F62C2D400E38A682E5415E400F5EBBB4E12C2D40FA8F9614E9415E40118C834BC72C2D40826D69DAEA415E40E74B14C6BB2C2D4080304B96EE415E405A01744EA22C2D4005D6BB89EB415E407073CF5F8D2C2D40C423F1F2F4415E401308E00B382C2D40165E937FF7415E402405BB06222C2D4078C608F2FD415E4013656F29E72B2D40EC8502B603425E40483C3487FF2B2D400E36D0D707425E4010C41E7F0E2C2D406BA5C63A0B425E4070E93D3A1A2C2D40E6CB0BB00F425E40F739E3A0292C2D40D4A2998210425E40B4E2C0502C2C2D40664D2CF015425E40B0E7C64F3E2C2D407D2D9E3017425E40969350FA422C2D40E822748618425E402EFEB627482C2D4058BE78501A425E4068D773886E2C2D40A55824DC1A425E405AF2785A7E2C2D405140248D1B425E40B2C7FABC982C2D40212FB5EF1B425E405C165D28AA2C2D40FD3E2D501C425E40201ED324C22C2D40C8FABC981C425E402F27B220DE2C2D404BABC6B71C425E4051FA9D81EC2C2D404BC56B031C425E4022669BC0192D2D404639E2DA1A425E400869D7CE412D2D40E7DABC1619425E401F44D72A662D2D4048BEB78E16425E40D111AFA18A2D2D4049F8399913425E409BCB683FAD2D2D40BB88A53712425E40FFFD73E2BC2D2D407AFB73D110425E40F11879B4CC2D2D402332ACE20D425E406242716CE22D2D406A9CF28D0D425E402033068CE42D2D40A76153420B425E4006D49B51F32D2D40","Site of 1896 revolutionary proclamation by Bonifacio.","No specific economic data."
16,"Pleasant Hills",6003,"""2020-04-30T16:00:00.000Z""","relation/1241969","0103000020E6100000010000006C00000075914259F8425E40773705E8AD2C2D40AA8DFBA0F8425E40A03AB1E2AF2C2D405E58480AF6425E40FF5FD09DBB2C2D405BDE663BF0425E4095A76219D12C2D4017D4B7CCE9425E406571FF91E92C2D403E7D5FB7E3425E40585936CE012D2D405755D405E1425E40DDBCCC0B0B2D2D40BDF26ACADF425E4022718FA50F2D2D407130E58DDD425E401E11F868162D2D4070213427D4425E4051F0B9B8322D2D4036CD3B4ED1425E402F9F515F3B2D2D4095D81077D0425E40817DCFA33D2D2D4001EEC38BCF425E40CD0EA782402D2D409EC195A2CB425E408BF447BD4C2D2D4090430E5BC4425E40DAD7CB00612D2D40BCBD5AA4BF425E400E2A1664702D2D408F7C1464BA425E40D621927C802D2D40F6DAC765B7425E40D7A60C77892D2D409DDA19A6B6425E408388D4B48B2D2D40F700DD97B3425E404F289F79942D2D409F002FD8B2425E40BF1FC88B962D2D4088F546ADB0425E40F881F5C99B2D2D40CA15832CB0425E404BF0E1ED9C2D2D402A6CABFEAD425E40FB6E04F3A12D2D409684FA4CAC425E40CF9B2F9BA52D2D4096E3BACEAB425E40E01A8E9DA62D2D409D64ABCBA9425E403E2BC47EAA2D2D40E61CE159A7425E40D6952AACAF2D2D405AA54F06A2425E40308E80C0B92D2D40987620A19C425E40196FD003C42D2D402A32DF6696425E401F91A5C5CF2D2D4026C9CE3692425E40C87A6AF5D52D2D402770462891425E405CD8E43AD72D2D4051AD742D90425E403E7782FDD72D2D408ECEF9298E425E40A9B17389D92D2D40B881F1C28C425E400EBF9B6ED92D2D40BC4681F483425E40A41419C2D62D2D40776110FD7F425E40D48448E1D52D2D402B5A6F8A7D425E40E0D6DD3CD52D2D4013F81E8972425E40B81BE9B1D22D2D404A2E5ADB6F425E40B25EB12BD22D2D406E6935246E425E408983DFE1D12D2D40ABFDE77A6C425E405FA80D98D12D2D40ACC43C2B69425E40DD11A9C4D02D2D40D7BFEB3367425E407E512745D02D2D40DEB6A5C464425E40A8BC676ECF2D2D403F69F2DE62425E405506C4DACE2D2D4063FD553662425E401F2114A5CE2D2D405813550960425E40675D482CCE2D2D401030A99061425E408E113FB5B02D2D40F81BEDB861425E4084B7AC67AD2D2D40E5034C2A64425E4054D3E4187F2D2D4067CB5E5B64425E40AF867AB07B2D2D404FE2186E65425E40C4D8F802692D2D40DC0022B369425E40395A7AD91B2D2D4070308AD46A425E406E75EF97052D2D40FE710C126C425E40A420D335EE2C2D40BD23BE6E6C425E4007D15AD1E62C2D4021CCED5E6E425E40B14A8EE0EB2C2D40EAF1D65471425E40FA5EE8B6E92C2D4012EF4ADC74425E40729BBA3CE72C2D40A08CF16176425E40E3FA777DE62C2D40CDD36F157A425E40EA471EE3E52C2D40C153C8957A425E40F651FCCEE52C2D40F08C11E47B425E406D6EF195E52C2D40E437E04E7D425E4037894160E52C2D40A25CBF057E425E409D966945E52C2D4084882F6E7E425E40FC9EA234E52C2D408F47BAB07F425E402B7F6374E52C2D4055B71F9587425E403CB60A07E72C2D40D1CC936B8A425E40E5F27A8BE22C2D40762D6BAC8E425E40E6006663CA2C2D40BBCDC06D92425E404BD4C1B0B22C2D40CADE52CE97425E40BAC4ECC0942C2D402D08E57D9C425E405CEA7B687A2C2D40C14E56B19D425E40D71E51FC732C2D406C2AE67BA1425E40234E82925D2C2D4054B76922A2425E406D3A02B8592C2D40FF983160A4425E4091836D1F4D2C2D40812CFAF9A5425E400116F9F5432C2D403FC16AD1A7425E4041800C1D3B2C2D407F620910AA425E407AC5538F342C2D407D981826AE425E406963DB583F2C2D406FF25B74B2425E40CF3D35A8472C2D40099744ACB4425E40F768BB534B2C2D40449550B0B5425E40615BF56F4D2C2D4043D7CFACB6425E4072929C024F2C2D40D4BDA9A3BE425E40363575C35B2C2D402B508BC1C3425E40F4B578C25C2C2D407D00F7E1C5425E4085DE2C6F582C2D4095E3045CC6425E404BCCB392562C2D40D6E6FF55C7425E403BB5E9BE522C2D40047C6DECC8425E4097D013854C2C2D40E4F4F57CCD425E40E4FF441B362C2D401DE15927D3425E40929F43CF1C2C2D40994121A7D4425E407EC34483142C2D40AA4AB615D6425E4035BADE910C2C2D40389D09F2D8425E40919845CDFC2B2D4026D35746D9425E409A62693B012C2D4055F833BCD9425E4003ED0E29062C2D40702AAD1ADF425E409FE6E445262C2D4027F911BFE2425E4035BEE5A03A2C2D407EEAB35EE7425E4087D62F7D542C2D400ECEF11BF0425E40564A2AAE852C2D409A14D511F6425E403BC8EBC1A42C2D40707B82C4F6425E40E05C0D9AA72C2D40D56E055EF7425E40A35291AFA92C2D4075914259F8425E40773705E8AD2C2D40","Likely developed subdivision.","No economic notes."
17,"Mauway",25800,"""2020-04-30T16:00:00.000Z""","relation/1242089","0103000020E61000000100000062000000389D09F2D8425E40919845CDFC2B2D40AA4AB615D6425E4035BADE910C2C2D40994121A7D4425E407EC34483142C2D401DE15927D3425E40929F43CF1C2C2D40E4F4F57CCD425E40E4FF441B362C2D40047C6DECC8425E4097D013854C2C2D40D6E6FF55C7425E403BB5E9BE522C2D4095E3045CC6425E404BCCB392562C2D407D00F7E1C5425E4085DE2C6F582C2D402B508BC1C3425E40F4B578C25C2C2D40D4BDA9A3BE425E40363575C35B2C2D4043D7CFACB6425E4072929C024F2C2D40449550B0B5425E40615BF56F4D2C2D40099744ACB4425E40F768BB534B2C2D406FF25B74B2425E40CF3D35A8472C2D407D981826AE425E406963DB583F2C2D407F620910AA425E407AC5538F342C2D40AFB552639D425E402B1E728E952B2D4052770A5E99425E40AFFF84C4872B2D409CE7E3358A425E400DE9A683AB2A2D402887AAF383425E402659E25C1E2A2D40842C0B267E425E40FFE08D16B1292D40FCD86ECC7C425E406DD1B82693292D403357618E79425E40EE601FF873292D40FA394F8674425E40346B84D95F292D40C0FFFBF870425E40FC94BE6B2B292D40EB56CF496F425E409460BBC50D292D40FD2081F56E425E40283CB203F8282D40278925E56E425E40BE3A7DF3D1282D406A6D1ADB6B425E406A1C4531D4282D402457FB8568425E402BDCF29194282D40C5F5398867425E40A2597E8571282D40E889422674425E401437B8BE59282D401D9430D376425E40C90D750E54282D400920104386425E407720FCD52D282D4003CE52B29C425E40C390E6D9F6272D40D4F9A69FA6425E40ED79A3FBDE272D4062218491A8425E40240F9FCFDB272D408B975DE6AA425E404E7ADFF8DA272D4031D692E9AB425E4060B1868BDC272D400470B378B1425E4036ABE39DE8272D4000AB2347BA425E40863EB37FF9272D40F4588EEBBA425E4086F6FB0FFA272D4047263B91BB425E408C43A275F9272D409ADCDE24BC425E406440F67AF7272D40F20703CFBD425E404AE18B4006282D40753FA720BF425E40054AAF720D282D4056B60F79CB425E40676BD84A43282D4095D81077D0425E406D82B92759282D40129B34B2D0425E4079FC28345A282D40B31C322FD1425E407DE13A6B5C282D40C333FC02D5425E40FBF72A4366282D40140C42D4D8425E40E1AD98B624282D40D7D0178CDB425E40E7F6370DF6272D40935CB4B6DF425E4059A89086AE272D40EC70CF4EE1425E406E0503BE91272D40F2892B1DE2425E406446D33483272D402ABE4637E7425E40EB01F39029272D402A73F38DE8425E406711E56613272D40A05B9EBDE9425E40818D356D10272D40116D6C1BEB425E407F784C9308272D40879A3281EC425E40068F256200272D400F61FC34EE425E4063827577F8262D40C334C291F6425E40B0164449ED262D402E2A98E7F7425E403333333333272D403A909A1BF8425E40E0E12CDB3D272D40E585CF31FB425E40B8DE80E03B272D407F726FD9FC425E4022D1BAFC3D272D40E94DA0E3FE425E403080F0A144272D40025DA04907435E4027028BB26D272D4051700C5CF9425E40BDFF8F1326282D4076244D72F6425E40D42247DF49282D40DC792CC7F5425E40F408241752282D40A905E56CF0425E40BB2C81EF91282D4046D9B683EC425E403425A314BE282D40FF7D213FF6425E40B33E8ADFB9282D404DCE9A690C435E4061B6AEE29E282D40F4CA50700C435E4047AAEFFCA2282D40FAB836540C435E40CE95F727A7282D4077DA1A110C435E408461C092AB282D400951BEA005435E40FBE362B1F2282D407FA31D37FC425E4073FD71B158292D40C47C7901F6425E40DF4D5C339E292D402357A0CCF5425E407D75FAE6A3292D408EC5DBEFF5425E404A7D59DAA9292D40E7C2ED75F7425E402C4BCF4FCC292D40621D7D82FA425E40B8F41E1D0D2A2D40F67AF7C7FB425E40AB04300A272A2D40F61ED37FFB425E40A7261CD5442A2D4050C6F830FB425E4021EC6F64792A2D4012AA2FA6F4425E400B900D49D22A2D406C6BFAA2F3425E408DB3E908E02A2D40EFF32911F2425E408E0D935FF52A2D403EDCC47FF0425E40C594A35B0A2B2D40D113854CE8425E40A320787C7B2B2D40845CF3F4DB425E400DF0EE12E62B2D404F63D6E6DA425E40AF6C301EEF2B2D40389D09F2D8425E40919845CDFC2B2D40","No distinct history given.","Grew due to boundary correction; informal settlement area."
23,"Daang Bakal",4529,"""2020-04-30T16:00:00.000Z""","relation/1792266","0103000020E61000000100000032000000A0168387E9415E405C4DE83FB52F2D4005D957C3EA415E40546DDC07C52F2D40802DAF5CEF415E400335C69805302D40607BC102F3415E409436B0B03B302D40B5FEF1B9EE415E40ABD7E37448302D4022BB1CC0EC415E40E1D9797654302D4082E3326EEA415E40AD2699E667302D400025F4E9E7415E401226D6F37F302D400F13680BE3415E40F8D15F9E84302D402D18A600E2415E406BFE4E498C302D40F3052D24E0415E4086110C31A8302D40E8BF07AFDD415E405ED89AADBC302D4065E487A5DC415E40FA4FEDC2C5302D400DE7751FDB415E404E96FF35C5302D40CEC47421D6415E4027C11BD2A8302D40D51753FAD3415E40CDBDD1D8A8302D407189C855D1415E409FD21CB4B2302D40C7269E58CC415E40EF3A1BF2CF302D40D4957439CA415E4043E6CAA0DA302D409227A490BF415E40BCD3F8E010312D40CA4FAA7DBA415E40BF6D5CB521312D4054F4D1F3B8415E40436C55B71F312D401F29C709B8415E40AFC623021F312D40F07C5061B6415E4013DF3FCC14312D409FA7A6C9B1415E40A83BAAF5D9302D401286014BAE415E4019DC20A4B8302D40731310EEA9415E402D9E3017A7302D40960E31B9AC415E404102902452302D4061884105AC415E40219628D604302D40279309AEA8415E404DBB9866BA2F2D40DB1BD71AA5415E4001964B998A2F2D40EA7F14D09F415E4043A1AF6A5A2F2D408A07EF06AC415E40ADF47FB3392F2D4060E1C913AD415E4067B04E3A362F2D406E652E15C0415E40B7103F5AF72E2D40CEB00749D5415E40AB104537B12E2D4062670A9DD7415E403EE94482A92E2D40CCA1FB28D9415E404D7B945BA42E2D40AE015B6FE5415E40EA5674907C2E2D40D1D10550E7415E402F5EE27E762E2D40D6D0BCD2E8415E4031CD74AF932E2D40659CD035DD415E4054DA2CA8B92E2D401C3D23B6E0415E408E356D10F72E2D4017CEDA12DE415E40A2B3CC22142F2D400F5EBBB4E1415E40B91B446B452F2D407A9B487AE2415E4089A02067502F2D40EB81A0EDE2415E4033422E27572F2D4079951007E4415E40EF7783C3662F2D400CB66C08E9415E4000A5468DAE2F2D40A0168387E9415E405C4DE83FB52F2D40","Had a train station pre-1970s; name means “railroad”.","Attracts settlers due to accessibility."
22,"Bagong Silang",4939,"""2020-04-30T16:00:00.000Z""","relation/1792265","0103000020E6100000010000003F000000F33AE2900D425E406D59BE2EC32F2D40C9D23DA10D425E408E379E74C72F2D4076D4E29D0D425E4090943EBECE2F2D401D0247020D425E409F437463D52F2D406BFE4E490C425E402C346B84D92F2D40E3512AE109425E4075CD3F55E02F2D40E4CD2BE807425E40525CFA3CEB2F2D40FCE483F906425E40C94D1E60F72F2D4057C0F34105425E40EFE53E390A302D409911DE1E04425E40560850F811302D40AB26E37302425E40B2B0F1AA18302D40E34B4D27FE415E40EB5AD6581D302D4062934616FA415E4039E4B0451C302D4057056A31F8415E4032BFE4901E302D4064FE767EF6415E4008B941A32A302D405956F54DF5415E403E038F1436302D40607BC102F3415E409436B0B03B302D40802DAF5CEF415E400335C69805302D4005D957C3EA415E40546DDC07C52F2D40A0168387E9415E405C4DE83FB52F2D400CB66C08E9415E4000A5468DAE2F2D4079951007E4415E40EF7783C3662F2D40EB81A0EDE2415E4033422E27572F2D407A9B487AE2415E4089A02067502F2D400F5EBBB4E1415E40B91B446B452F2D4017CEDA12DE415E40A2B3CC22142F2D401C3D23B6E0415E408E356D10F72E2D40659CD035DD415E4054DA2CA8B92E2D40D6D0BCD2E8415E4031CD74AF932E2D40D1D10550E7415E402F5EE27E762E2D405F55078AE9415E40920E6A1A6F2E2D40175B52FFEA415E404755B88A6A2E2D4090E854E8F2415E4048838021502E2D408368AD68F3415E409654127E4E2E2D4050DD0143FB415E406DF7BC2C372E2D40DED6CC10FD415E40DB696B44302E2D4028BBF48A02425E40A49AA3D81B2E2D404A68267307425E404AF5F818072E2D40610619B707425E401BA5A6B8052E2D40A76153420B425E4006D49B51F32D2D4082DB24500E425E4039BE5186052E2D40ED2AA4FC24425E40373EEEB6662E2D407BDCB75A27425E404A8A7E23702E2D40B7B585E725425E4066DAFE95952E2D405294F02925425E40624F96B5A82E2D40D77E7C5322425E4019CCBADAE52E2D40B3A899FF21425E403A8ABD61EC2E2D40F5B1CC6C21425E400D970B4BF22E2D4097B2672A1F425E40F719BC54112F2D404CF9B59A1A425E40E639C725332F2D405A71602816425E4085D8F4FB592F2D40557545DF13425E40337CFABE6E2F2D4002C23D8512425E40C8B19A536E2F2D4058A42EBE0D425E403BEC74D65D2F2D4077DDB64A0B425E40B9E57EE25B2F2D40D75E55070A425E40AD403E32672F2D40016E71E808425E40F44EAA22812F2D4066BD18CA09425E40914B7732932F2D404D5B6D0F0C425E403C1F5498AD2F2D40FF16AE580D425E4082C8224DBC2F2D404C3E2C8A0D425E40FC19DEACC12F2D406A9CF28D0D425E40DEB87B6FC22F2D40F33AE2900D425E406D59BE2EC32F2D40","Minimal data; historically low population","No distinct economic highlight noted."
18,"Addition Hills",108896,"""2020-04-30T16:00:00.000Z""","relation/1580819","0103000020E610000001000000F30000008099EFE027425E402A487DA3672C2D408D028E4E27425E403C9F01F5662C2D40A215CE2420425E401E49939C5D2C2D40E4DC81951E425E40EFD0668B5A2C2D4039155FA31B425E40F935EDBD532C2D405188DBFC1A425E405F1B3BF2512C2D40A59D3F121B425E40378B170B432C2D40301D291117425E40B63B5A8B052C2D406BABA3F416425E40F8020EFC032C2D40CFFF06480F425E4034A0DE8C9A2B2D40FB34385B0A425E40E548C219572B2D40CD075FF305425E40A2235E43152B2D40309BA50900425E40A2105C40C32A2D404E44BFB6FE415E40830D993CAF2A2D403DF372D8FD415E404249DCBEA22A2D40A2D28899FD415E407E9B0F19A02A2D40AA93D85A04425E408CFE863F792A2D406494675E0E425E40358A9B093C2A2D408E05854119425E4044639236FA292D403DAC81F71F425E4000CBA54CC5292D40E35A481B22425E407495EEAEB3292D4073582B242A425E401FA9746671292D40E4F967612A425E404AA4236F6F292D40E185634C30425E404503C2983E292D4087037C1233425E400A979F6527292D40738C1A0236425E40FEE263C10E292D401F9CF46338425E4014ED2AA4FC282D40460C96453C425E4045A80826ED282D403F0114234B425E40C8F5A56DB2282D40C1525DC04B425E408E2BE400B0282D408C3CFF2C4C425E409508F945AE282D40746D5E8B4C425E4013BA4BE2AC282D409AD42BC052425E40E764F38299282D402752F58656425E409E5B8D9191282D40270A3E1757425E403FE3C28190282D404BEC359861425E40A8C30AB77C282D40C5F5398867425E40A2597E8571282D402457FB8568425E402BDCF29194282D406A6D1ADB6B425E406A1C4531D4282D40278925E56E425E40BE3A7DF3D1282D40FD2081F56E425E40283CB203F8282D40EB56CF496F425E409460BBC50D292D40C0FFFBF870425E40FC94BE6B2B292D40FA394F8674425E40346B84D95F292D403357618E79425E40EE601FF873292D40FCD86ECC7C425E406DD1B82693292D40842C0B267E425E40FFE08D16B1292D402887AAF383425E402659E25C1E2A2D409CE7E3358A425E400DE9A683AB2A2D4052770A5E99425E40AFFF84C4872B2D40AFB552639D425E402B1E728E952B2D407F620910AA425E407AC5538F342C2D403FC16AD1A7425E4041800C1D3B2C2D40812CFAF9A5425E400116F9F5432C2D40FF983160A4425E4091836D1F4D2C2D4054B76922A2425E406D3A02B8592C2D406C2AE67BA1425E40234E82925D2C2D40C14E56B19D425E40D71E51FC732C2D402D08E57D9C425E405CEA7B687A2C2D40CADE52CE97425E40BAC4ECC0942C2D40BBCDC06D92425E404BD4C1B0B22C2D40762D6BAC8E425E40E6006663CA2C2D40D1CC936B8A425E40E5F27A8BE22C2D4055B71F9587425E403CB60A07E72C2D408F47BAB07F425E402B7F6374E52C2D4084882F6E7E425E40FC9EA234E52C2D40A25CBF057E425E409D966945E52C2D40E437E04E7D425E4037894160E52C2D40F08C11E47B425E406D6EF195E52C2D40C153C8957A425E40F651FCCEE52C2D40CDD36F157A425E40EA471EE3E52C2D40A08CF16176425E40E3FA777DE62C2D4012EF4ADC74425E40729BBA3CE72C2D40EAF1D65471425E40FA5EE8B6E92C2D4021CCED5E6E425E40B14A8EE0EB2C2D40BD23BE6E6C425E4007D15AD1E62C2D40FE710C126C425E40A420D335EE2C2D4070308AD46A425E406E75EF97052D2D40DC0022B369425E40395A7AD91B2D2D404FE2186E65425E40C4D8F802692D2D4067CB5E5B64425E40AF867AB07B2D2D40E5034C2A64425E4054D3E4187F2D2D40F81BEDB861425E4084B7AC67AD2D2D401030A99061425E408E113FB5B02D2D405813550960425E40675D482CCE2D2D4063FD553662425E401F2114A5CE2D2D403F69F2DE62425E405506C4DACE2D2D40DEB6A5C464425E40A8BC676ECF2D2D40D7BFEB3367425E407E512745D02D2D40ACC43C2B69425E40DD11A9C4D02D2D40ABFDE77A6C425E405FA80D98D12D2D406E6935246E425E408983DFE1D12D2D404A2E5ADB6F425E40B25EB12BD22D2D4013F81E8972425E40B81BE9B1D22D2D402B5A6F8A7D425E40E0D6DD3CD52D2D40776110FD7F425E40D48448E1D52D2D40BC4681F483425E40A41419C2D62D2D40B881F1C28C425E400EBF9B6ED92D2D408ECEF9298E425E40A9B17389D92D2D4051AD742D90425E403E7782FDD72D2D402770462891425E405CD8E43AD72D2D4026C9CE3692425E40C87A6AF5D52D2D402A32DF6696425E401F91A5C5CF2D2D40987620A19C425E40196FD003C42D2D405AA54F06A2425E40308E80C0B92D2D40E61CE159A7425E40D6952AACAF2D2D409D64ABCBA9425E403E2BC47EAA2D2D4096E3BACEAB425E40E01A8E9DA62D2D409684FA4CAC425E40CF9B2F9BA52D2D402A6CABFEAD425E40FB6E04F3A12D2D40CA15832CB0425E404BF0E1ED9C2D2D4088F546ADB0425E40F881F5C99B2D2D409F002FD8B2425E40BF1FC88B962D2D40F700DD97B3425E404F289F79942D2D409DDA19A6B6425E408388D4B48B2D2D40F6DAC765B7425E40D7A60C77892D2D408F7C1464BA425E40D621927C802D2D40BCBD5AA4BF425E400E2A1664702D2D4090430E5BC4425E40DAD7CB00612D2D409EC195A2CB425E408BF447BD4C2D2D4001EEC38BCF425E40CD0EA782402D2D4095D81077D0425E40817DCFA33D2D2D4036CD3B4ED1425E402F9F515F3B2D2D4070213427D4425E4051F0B9B8322D2D407130E58DDD425E401E11F868162D2D40BDF26ACADF425E4022718FA50F2D2D405755D405E1425E40DDBCCC0B0B2D2D403E7D5FB7E3425E40585936CE012D2D4017D4B7CCE9425E406571FF91E92C2D405BDE663BF0425E4095A76219D12C2D405E58480AF6425E40FF5FD09DBB2C2D40AA8DFBA0F8425E40A03AB1E2AF2C2D403343F4B5F8425E403A9D1A1EB12C2D4074EACA67F9425E40943FCEEAD32C2D4085D61E51FC425E400256FD005A2D2D400EA32078FC425E4028D1370E612D2D40FCC165BAFC425E40E78EFE976B2D2D4067E8E96DFD425E40713F3B3B742D2D4035CB0AEA00435E40548B2DA97F2D2D40AB68627003435E40AC38D55A982D2D40F22895F004435E4080BCB266BF2D2D404011305F03435E40E0E1D121CB2D2D40A098068F00435E405F0DABD3DC2D2D40F7802F3BFA425E409F0436E7E02D2D408231C797F5425E404DA83BAAF52D2D40230FE95CF6425E405E7E4C101A2E2D403E5EA340FA425E40D212D0E91E2E2D4091B58652FB425E40BE33DAAA242E2D40E5CAEA67FB425E4039C25895332E2D401A9C2DC5FA425E4095A4C6DF512E2D40FED30D14F8425E40C1D1448E632E2D4018AF1E9CF4425E407FD4CB947B2E2D40DFED30DCEF425E40D20CF32F932E2D409A0EF857EA425E405C02F04FA92E2D403D15CB88E6425E40B1F84D61A52E2D40A4005130E3425E4062A2410A9E2E2D40D883A4AAE4425E400F8B074AC02E2D4027553607E3425E405A0EF450DB2E2D40A6CA411ADF425E40DEC83CF2072F2D400D18247DDA425E40A6176B6E3B2F2D403CE93356D1425E401502B9C4912F2D4088D68A36C7425E40D59FB3BBF62F2D40481EE3E5C4425E40AE049CEFF12F2D40809F71E1C0425E40063BB47EE92F2D40E684BF15BF425E40EA190CBFE52F2D4046651E54BD425E40C2EE8513E22F2D40C918C4ACBC425E40E69C8EB6E02F2D402FFE11E1BA425E401E7A41FADC2F2D4095287B4BB9425E40C02154A9D92F2D40CAEA0C42AF425E40452E3883BF2F2D404D929D6DA4425E400BBA185EA42F2D4045ACB47BA8425E406A02FB9E472F2D406263038EA9425E40292158552F2F2D408CFC55DBA8425E4017128B732F2F2D405E1F8C8E9A425E4058E13BD6312F2D4011B92A9A98425E407BB71E2A322F2D4036AFEAAC96425E4010A5074F322F2D407F1FC48487425E40635BABE2322F2D40D412865C84425E40D42AFA43332F2D4081D2AB5C83425E4033333333332F2D4083F5245580425E40DA2FE939332F2D40546353F87D425E40812C9F40332F2D40F574BF547D425E40C8201C58332F2D40C26D6DE179425E4080E4E7D0332F2D406B8203B573425E405679A7A7342F2D40032670EB6E425E4017CAD303302F2D409376FE486C425E40D862B7CF2A2F2D40F325AF296B425E40D37DA598282F2D40CA92944F6A425E40D455CBE7262F2D406105532866425E405C44CA051D2F2D40FC87992265425E40CF7BAD951A2F2D402C4080B163425E4083328D26172F2D40529B38B95F425E40281A5A530F2F2D40E2BDB4F25C425E40A44632F5042F2D402ACCD6555C425E400B743799022F2D40FE5CD9AA49425E40A1D398B5B92E2D408E90268348425E4056D22FB6B52E2D4000A8870D3B425E408DABDBEA832E2D4013EE3AC038425E403343F4B5782E2D406C7E575F38425E40ED6E545D762E2D409BE5B2D139425E40B267CF656A2E2D4082CBBE863B425E40DA4D9594602E2D4022D1BAFC3D425E4090A2CEDC432E2D403FB61B333F425E409DAFA3BB352E2D40F62BF8C841425E400B75FD27242E2D40AEEFC34142425E40F6A0FBCD1F2E2D402BAF4B4343425E40E7F1C528192E2D406C9ED96443425E40A5F04520032E2D40AE8D678643425E4069C9E369F92D2D40E386849444425E40FB592C45F22D2D40D0155BF745425E40CDE1FF33EF2D2D4047FE052747425E401296C2CDF32D2D40933655F748425E40615C6045FC2D2D4080666BD84A425E4029D25856F52D2D4074E3271F4C425E407396FECAEF2D2D40806033654C425E40EDB8E177D32D2D40386CB64D4C425E4094C38256BB2D2D40EB1626F84B425E40863F1E55A82D2D4069249DDC4A425E4042AB387AA12D2D40810DE3C949425E40FD3E2D509C2D2D40B077DA754A425E404FE0E709952D2D40E570F7834B425E4035B742588D2D2D400ED0C7C64D425E407521567F842D2D4042DD51AD4F425E40326596F37B2D2D40D67C4BEF51425E40F2086EA46C2D2D407BF7C77B55425E40AA02FFA5562D2D40509D58F157425E40C8B60C384B2D2D40B8DF466F5D425E407668FDD2472D2D40A05225CA5E425E4035796FB1472D2D405EEA31DB5F425E4097E13FDD402D2D400EC237A858425E4055CECDED142D2D40180225AA5C425E4034716193EB2C2D405CEFED4C57425E4058A8DA13C92C2D40BB61DBA24C425E4033F0EDA7102D2D40E146CA1649425E4039E7F1C5282D2D406562049E45425E40CB4C69FD2D2D2D40722A638D44425E402D866176052D2D40905A176D44425E40DC572FD0FF2C2D406DE690D442425E4034FDC863BC2C2D402C56C33442425E401932C3EB9F2C2D40A9328CBB41425E401F25C0FA892C2D40F2BCAF253F425E405D97D013852C2D408099EFE027425E402A487DA3672C2D40","Hosts Welfareville, PH's largest informal settlement.","Declared New Town Dev't and New CBD. Promises subsidized housing and jobs."
19,"New Zañiga",8444,"""2020-04-30T16:00:00.000Z""","relation/1792244","0103000020E61000000100000038000000165E937FF7415E402405BB06222C2D40C423F1F2F4415E401308E00B382C2D4005D6BB89EB415E407073CF5F8D2C2D402C859BE7E3415E40BF1880FC5B2C2D404BEFD1D1E0415E400403081F4A2C2D40C5A7A55EDC415E409DC31094362C2D40B155DD7ED4415E407EEB1E34162C2D40A0BF756AD3415E4043215DC7132C2D40DC7E9EABD2415E40CC4C1F70132C2D40DDFA9FB2D0415E4030F2B226162C2D402DC7D056CA415E40E88AADFB222C2D402E573F36C9415E40D14E1773212C2D403A64B95BC8415E40A6EECA2E182C2D4093951579C8415E407735D483DD2B2D400BF72576C8415E401C615111A72B2D404097BA75C8415E40E38E92B2A02B2D4054CC9C89C4415E40D57ABFD18E2B2D40B0B618F2BE415E4047301F5A752B2D40399DBF64BE415E4031CCAE20722B2D40191648F5C2415E40F7D50BF43F2B2D401DEFE945C8415E40C4F24295F52A2D40A6A77E94C7415E4072A43330F22A2D40D882DE1BC3415E40D6C743DFDD2A2D40BC1FB75FBE415E40FF902342C82A2D4073309B00C3415E40DBECFE67832A2D40C96658D6C7415E4079663854422A2D40FD56A137CB415E40BF7E880D162A2D40C7B370FECB415E401E92B5E10B2A2D40EB138ABECC415E40C4995FCD012A2D407DDB5DB1D0415E409D1A1EB1CC292D405D990178D5415E40051F39888C292D4014AD8152D9415E40143DF03158292D40376C5B94D9415E40F286EA9C55292D40AE4099EBD9415E40647616BD53292D4001B22149DA415E4047EDD9CE52292D4048A066EDDB415E40B88663A769292D4011678F61DF415E40169BA0979B292D40FE261422E0415E405DF4BAEAA6292D402EA814E0E0415E40347E86DCB1292D40E0635529E2415E40B361A81EC4292D40335F14F3E2415E4066CDD94CCF292D40C1300510E3415E401E0137E6D0292D40B4E908E0E6415E4056FFD604072A2D4066660BADF3415E40ABE57393BD2A2D40F992D794F5415E40D94FB5CCD82A2D4038256AB3FB415E400503BE912F2B2D40E68013C003425E40AD8905BEA22B2D40C680368309425E403A652431F72B2D40DC01E8410B425E4091628044132C2D40E234E95B0B425E4025308CAA152C2D4048591A530B425E40BE028706182C2D406BA5C63A0B425E4070E93D3A1A2C2D400E36D0D707425E4010C41E7F0E2C2D40EC8502B603425E40483C3487FF2B2D4078C608F2FD415E4013656F29E72B2D40165E937FF7415E402405BB06222C2D40","Offshoot of Saniga; became a subdivision.","Informal settlers near creeks; mixed use."
20,"San Jose",8483,"""2020-04-30T16:00:00.000Z""","relation/1792245","0103000020E6100000010000003C000000A2D28899FD415E407E9B0F19A02A2D403DF372D8FD415E404249DCBEA22A2D404E44BFB6FE415E40830D993CAF2A2D40309BA50900425E40A2105C40C32A2D40CD075FF305425E40A2235E43152B2D40FB34385B0A425E40E548C219572B2D40CFFF06480F425E4034A0DE8C9A2B2D406BABA3F416425E40F8020EFC032C2D40301D291117425E40B63B5A8B052C2D40A59D3F121B425E40378B170B432C2D405188DBFC1A425E405F1B3BF2512C2D40C3E7983D1A425E40724AE5924F2C2D40E822748618425E402EFEB627482C2D407D2D9E3017425E40969350FA422C2D40664D2CF015425E40B0E7C64F3E2C2D40D4A2998210425E40B4E2C0502C2C2D40E6CB0BB00F425E40F739E3A0292C2D406BA5C63A0B425E4070E93D3A1A2C2D4048591A530B425E40BE028706182C2D40E234E95B0B425E4025308CAA152C2D40DC01E8410B425E4091628044132C2D40C680368309425E403A652431F72B2D40E68013C003425E40AD8905BEA22B2D4038256AB3FB415E400503BE912F2B2D40F992D794F5415E40D94FB5CCD82A2D4066660BADF3415E40ABE57393BD2A2D40B4E908E0E6415E4056FFD604072A2D40C1300510E3415E401E0137E6D0292D40335F14F3E2415E4066CDD94CCF292D40E0635529E2415E40B361A81EC4292D402EA814E0E0415E40347E86DCB1292D40FE261422E0415E405DF4BAEAA6292D4011678F61DF415E40169BA0979B292D4048A066EDDB415E40B88663A769292D4001B22149DA415E4047EDD9CE52292D40B51A12F7D8415E400F8EA3833F292D402284EC61D4415E401F1FE340FE282D4060AE450BD0415E40DA21591BBE282D40BA5BA32FCE415E40248C5539A3282D404B3CA06CCA415E40F1BA7EC16E282D40696FF085C9415E40C80A7E1B62282D4092DFEC20C0415E40E7BC6B75DE272D4082C8224DBC415E404CD18030A6272D40476EF200BB415E405519219793272D4000BF901FBB415E408C6665FB90272D40CF90E0FCBC415E405DBF60376C272D40B169A510C8415E4078AD293520272D40C9946AFAC7415E40186C34CA44272D40704C05CBC7415E40347FF1B160272D40F36F3C44C8415E40D8101C9771272D4010F97832C9415E40EB43CD469D272D4057E7BDD6CA415E40EADF3F27CE272D40E2276959D2415E4075E0415832282D40396403E9E2415E4070A7BE3D19292D40133AF93EE6415E40492D944C4E292D404DBC033CE9415E40168CA5A377292D408B3155D5F0415E40DC03BEECE8292D4028FA3207F7415E40D341A89C402A2D40683C11C4F9415E40891C6CFB682A2D40A2D28899FD415E407E9B0F19A02A2D40","Had a railway station; part of old migrant route.","Informal settlements near creeks."
21,"Pag-asa",4195,"""2020-04-30T16:00:00.000Z""","relation/1792258","0103000020E610000001000000210000008A07EF06AC415E40ADF47FB3392F2D40EA7F14D09F415E4043A1AF6A5A2F2D40E3CC0AA073415E4094A2957B812D2D408C40063C7A415E40629BF97A632D2D409B2622B27E415E402F04EF9A462D2D40D2EC702A88415E40376C5B94D92C2D40D22EF02689415E406F66F4A3E12C2D40711DE38A8B415E40FEB38B0EED2C2D40C822F20291415E40D3AAF12D072D2D4075615A8A9A415E40D2297E422C2D2D4039F81D1E9D415E40980C1181342D2D407EF1FBEDA1415E407F85CC95412D2D4057485403A8415E40B924BD5E502D2D409093782FAD415E40EEDE9BF05C2D2D40F274536FB2415E4021A177746D2D2D40D78DD200B9415E40DFF6A9CF7A2D2D405A10CAFBB8415E407FD29A30AB2D2D40FBF087FAB8415E40F29DF3AED52D2D40E397B0ECB8415E40C69F4DB3E52D2D401E262BD0B8415E40F9E3AC3E0D2E2D40010D8002B9415E40B0FB33283F2E2D4089F08A3BB9415E40A89DABF7652E2D4006859C52B9415E406B03C12D692E2D40FA91C778B9415E40E1B721C66B2E2D40245690B0B9415E409256218A6E2E2D407ED23F77B8415E407005B930772E2D40AFC10CD7B4415E401D7EED4F982E2D40BD67C988B0415E40D310FA3EC12E2D4081295EC0A6415E40DC23E538012F2D407561FFD0A7415E407226B737092F2D4003BA8A20A9415E4019F89B9A152F2D40A999FFA1AA415E40519F8955282F2D408A07EF06AC415E40ADF47FB3392F2D40","“Hope” in Filipino; no other history.","Few settlers; no economic note."
24,"Hagdang Bato Libis",6715,"""2020-04-30T16:00:00.000Z""","relation/1792267","0103000020E6100000010000005600000022D1BAFC3D425E4090A2CEDC432E2D4082CBBE863B425E40DA4D9594602E2D409BE5B2D139425E40B267CF656A2E2D406C7E575F38425E40ED6E545D762E2D40E55E059D35425E40E2934E24982E2D408149E0C531425E40E8D209B2AF2E2D4088DE3D9B30425E40DC2DC901BB2E2D40BF709D352E425E4054C14DEBDB2E2D408A7780272D425E40C465CBA8E82E2D401361C3D32B425E400602AE75F32E2D40024125532A425E403282D778FA2E2D407ABF76D528425E4038F7578FFB2E2D406F8DBE3827425E404C8E965EF62E2D40B2B96A9E23425E40328DCB5DF02E2D40B3A899FF21425E403A8ABD61EC2E2D40D77E7C5322425E4019CCBADAE52E2D405294F02925425E40624F96B5A82E2D40B7B585E725425E4066DAFE95952E2D407BDCB75A27425E404A8A7E23702E2D40ED2AA4FC24425E40373EEEB6662E2D4082DB24500E425E4039BE5186052E2D40A76153420B425E4006D49B51F32D2D406A9CF28D0D425E402033068CE42D2D402332ACE20D425E406242716CE22D2D407AFB73D110425E40F11879B4CC2D2D40BB88A53712425E40FFFD73E2BC2D2D4049F8399913425E409BCB683FAD2D2D4048BEB78E16425E40D111AFA18A2D2D40E7DABC1619425E401F44D72A662D2D404639E2DA1A425E400869D7CE412D2D404BC56B031C425E4022669BC0192D2D404BABC6B71C425E4051FA9D81EC2C2D40C8FABC981C425E402F27B220DE2C2D40FD3E2D501C425E40201ED324C22C2D40212FB5EF1B425E405C165D28AA2C2D405140248D1B425E40B2C7FABC982C2D40A55824DC1A425E405AF2785A7E2C2D4058BE78501A425E4068D773886E2C2D40E822748618425E402EFEB627482C2D40C3E7983D1A425E40724AE5924F2C2D405188DBFC1A425E405F1B3BF2512C2D4039155FA31B425E40F935EDBD532C2D40E4DC81951E425E40EFD0668B5A2C2D40A215CE2420425E401E49939C5D2C2D408D028E4E27425E403C9F01F5662C2D408099EFE027425E402A487DA3672C2D40F2BCAF253F425E405D97D013852C2D40A9328CBB41425E401F25C0FA892C2D402C56C33442425E401932C3EB9F2C2D406DE690D442425E4034FDC863BC2C2D40905A176D44425E40DC572FD0FF2C2D40722A638D44425E402D866176052D2D406562049E45425E40CB4C69FD2D2D2D40E146CA1649425E4039E7F1C5282D2D40BB61DBA24C425E4033F0EDA7102D2D405CEFED4C57425E4058A8DA13C92C2D40180225AA5C425E4034716193EB2C2D400EC237A858425E4055CECDED142D2D405EEA31DB5F425E4097E13FDD402D2D40A05225CA5E425E4035796FB1472D2D40B8DF466F5D425E407668FDD2472D2D40509D58F157425E40C8B60C384B2D2D407BF7C77B55425E40AA02FFA5562D2D40D67C4BEF51425E40F2086EA46C2D2D4042DD51AD4F425E40326596F37B2D2D400ED0C7C64D425E407521567F842D2D40E570F7834B425E4035B742588D2D2D40B077DA754A425E404FE0E709952D2D40810DE3C949425E40FD3E2D509C2D2D4069249DDC4A425E4042AB387AA12D2D40EB1626F84B425E40863F1E55A82D2D40386CB64D4C425E4094C38256BB2D2D40806033654C425E40EDB8E177D32D2D4074E3271F4C425E407396FECAEF2D2D4080666BD84A425E4029D25856F52D2D40933655F748425E40615C6045FC2D2D4047FE052747425E401296C2CDF32D2D40D0155BF745425E40CDE1FF33EF2D2D40E386849444425E40FB592C45F22D2D40AE8D678643425E4069C9E369F92D2D406C9ED96443425E40A5F04520032E2D402BAF4B4343425E40E7F1C528192E2D40AEEFC34142425E40F6A0FBCD1F2E2D40F62BF8C841425E400B75FD27242E2D403FB61B333F425E409DAFA3BB352E2D4022D1BAFC3D425E4090A2CEDC432E2D40","Historically linked with “hagdang bato” or rock stairs.","Hosts informal settlers along creeks."
25,"Old Zañiga",6636,"""2020-04-30T16:00:00.000Z""","relation/8487904","0103000020E61000000100000078000000B3A5FDC5A2415E4078A3456C662B2D4054724EECA1415E40EAAF5758702B2D409C3B5519A1415E4018FDB2C57F2B2D401904B1C79F415E40341E5B85832B2D400E8DDDF49D415E404190CD9F802B2D403F7672E19B415E404E72D1DA7E2B2D40C9D57E219A415E40A62A6D718D2B2D40ED3E6C8E98415E402EE3A6069A2B2D4077FA9C1697415E406B35DA60972B2D409B60EE4996415E40CE2D196C8F2B2D400DEEBDAE95415E40A5356156832B2D40C06DB76E94415E407E9A498A7E2B2D400E9B6D1393415E405A34F8567F2B2D40C2621E4391415E40D772C2DF8A2B2D40CEFC6A0E90415E400E6D5BEF922B2D40162296838F415E40E26EB5F3A22B2D4093CDB0AC8F415E4095DAE621AE2B2D402D4ABF3390415E40EFD23C36B82B2D40C2621E4391415E40E9EA330CC42B2D40570E886B90415E407568A219D52B2D4034805C878F415E4089D40F45DC2B2D4083CDEFEA8B415E40046E8214E12B2D402AE44A3D8B415E4091A630A5E42B2D40543B1E8E89415E401CE7DB27EC2B2D404F95EF1989415E407AA466B4FA2B2D40425A63D089415E4025A314BE082C2D4068F79AD486415E4089905FE40A2C2D40EC82667C84415E40640A31F20D2C2D40A50AEB6B82415E4009579B5A112C2D405F4D542580415E40ADCBDF73162C2D402ACA00AB7E415E40BD2A61B7192C2D40022379F87C415E40888D68F1182C2D402C60A7FD7B415E4091628044132C2D403E89192B7B415E40EF2DF6A8092C2D40FD6B79E57A415E4098DAF74D062C2D403354C5547A415E40EED34C52F42B2D40D3D5C2D17A415E409E8834E0E22B2D403E4162BB7B415E40D888BBD5CE2B2D40C092AB587C415E409C397F6EC32B2D405BE443F57B415E4052A0AA9DBC2B2D40C79DD2C17A415E4072F90FE9B72B2D40AB76F28E78415E4097A7188CB62B2D40ED3DA6FF76415E40E0DB4F21B22B2D40D65D34BF75415E40F2CD3637A62B2D4065636F7374415E40A5FF9BCD992B2D40DDB0129873415E40C5C89239962B2D401329CDE671415E40CF92B6A79A2B2D40F6E7476870415E40E5F626E19D2B2D409256218A6E415E400598439C982B2D4028D714C86C415E40450257C38F2B2D40A59F70766B415E402A5437177F2B2D40708CAE1C6B415E4061CC4C1F702B2D40A5129ED06B415E402B6222EF662B2D4022E92EE46C415E40B80D59935D2B2D400F92AA926D415E407024D060532B2D40EDEF11D66B415E4079BF1B1C362B2D404150C9946A415E407920B248132B2D40C933D4CD6A415E4076CE05E4012B2D407B0382EF6C415E405BBB48FCE52A2D40929ED8F96D415E402A1C412AC52A2D40AAAFF8976E415E40ECC20FCEA72A2D40A59CD43C6C415E403B7AB2518C2A2D409EBC23BE6E415E4040EB2B595F2A2D40E3FDB8FD72415E40CFA33DB9012A2D40A01C604175415E40DC20A4B8F4292D404900EDFD7C415E4025F72AE8AC292D40C4E4B27680415E40EAB9E067B7292D406F25E07C8F415E4006F357C85C292D4018963FDF96415E405815866D30292D405809CCF998415E408F45E40522292D407AD33E679C415E40AE32AE13F2282D40972831BE9E415E403DE1DBAADA282D403E5C72DCA9415E402618CE35CC282D400D8AE601AC415E40DD2B4E10D0282D404E03AB8FAC415E40A76E788BD1282D4030B95164AD415E407D11233ABA282D40429770E8AD415E40780F2B37AC282D4005A4FD0FB0415E40E89DAFFE74282D40AC58FCA6B0415E404214820B68282D402E7C3320B1415E407147EE9F5D282D40811BCEA1B1415E402FF3C24252282D40C868D3C7B2415E400B0BEE073C282D40F1C7A30AB5415E407C66A4390D282D40974E907DB5415E40A504B3F803282D408ADFB99CB7415E40CD73E904D9272D409029C4C8B7415E40872FB88BD5272D40B9B6A62FBA415E404C61EF0FA5272D40476EF200BB415E405519219793272D4082C8224DBC415E404CD18030A6272D4092DFEC20C0415E40E7BC6B75DE272D40696FF085C9415E40C80A7E1B62282D404B3CA06CCA415E40F1BA7EC16E282D40BA5BA32FCE415E40248C5539A3282D4060AE450BD0415E40DA21591BBE282D402284EC61D4415E401F1FE340FE282D40B51A12F7D8415E400F8EA3833F292D4001B22149DA415E4047EDD9CE52292D40AE4099EBD9415E40647616BD53292D40376C5B94D9415E40F286EA9C55292D4014AD8152D9415E40143DF03158292D405D990178D5415E40051F39888C292D407DDB5DB1D0415E409D1A1EB1CC292D40EB138ABECC415E40C4995FCD012A2D40C7B370FECB415E401E92B5E10B2A2D40FD56A137CB415E40BF7E880D162A2D40C96658D6C7415E4079663854422A2D4073309B00C3415E40DBECFE67832A2D40BC1FB75FBE415E40FF902342C82A2D40AD2292D7B9415E4002D4D4B2B52A2D40B69B85E2B3415E40198EE733A02A2D403A52C774B2415E40F0C407D1B52A2D4088AD8F3DB1415E4088742E7BC82A2D40833BAB60AF415E4080DCD9B2D72A2D409508F945AE415E405089905FE42A2D40010A3F82AC415E40D936D60FFB2A2D40739D465AAA415E40A798DE59162B2D400F6BE0FDA7415E4006F8C9AC392B2D402FEC1FFAA4415E4074CC1E0D4C2B2D409A8EA5B4A3415E40E955AE015B2B2D40B3A5FDC5A2415E4078A3456C662B2D40","Formerly called Saniga; renamed after new subdivision arose.","See above."
26,"Poblacion",16333,"""2020-04-30T16:00:00.000Z""","relation/8487905","0103000020E6100000010000006000000080304B96EE415E405A01744EA22C2D40826D69DAEA415E40E74B14C6BB2C2D40FA8F9614E9415E40118C834BC72C2D400E38A682E5415E400F5EBBB4E12C2D409EA2D92BE2415E402F19C748F62C2D407CBEC172DF415E409DC541F8062D2D401F27F15EDA415E402840B912262D2D40CA41BFA5D2415E40AFE710DD582D2D40F48189E4D0415E40D2DAD9FC642D2D40F7C77BD5CA415E4052F8C7D68E2D2D40A5E66157C9415E40A920F58D9E2D2D40CAE259DDC5415E40787302E4952D2D40B3BA302DC5415E40915FE40A942D2D40A857CA32C4415E408675E3DD912D2D40F63F65A1C2415E402EDA2D138F2D2D40CD3CB9A6C0415E408F2221808A2D2D40D78DD200B9415E40DFF6A9CF7A2D2D40F274536FB2415E4021A177746D2D2D409093782FAD415E40EEDE9BF05C2D2D4057485403A8415E40B924BD5E502D2D407EF1FBEDA1415E407F85CC95412D2D4039F81D1E9D415E40980C1181342D2D4075615A8A9A415E40D2297E422C2D2D40C822F20291415E40D3AAF12D072D2D40711DE38A8B415E40FEB38B0EED2C2D40D22EF02689415E406F66F4A3E12C2D40D2EC702A88415E40376C5B94D92C2D40727F3F468A415E40FA4FEDC2C52C2D4006989E558B415E40EEE0719BBA2C2D406831C22591415E409278793A572C2D408CEDFF2D92415E4042058717442C2D40970B4BF292415E405C1C3AE2352C2D400E3F49CB92415E403E2E60B8292C2D40BBCDC06D92415E40E0E0664C1C2C2D4063A29CC390415E4044B1CBA6122C2D407CC2C8818D415E4011548D5E0D2C2D40425A63D089415E4025A314BE082C2D404F95EF1989415E407AA466B4FA2B2D40543B1E8E89415E401CE7DB27EC2B2D402AE44A3D8B415E4091A630A5E42B2D4083CDEFEA8B415E40046E8214E12B2D4034805C878F415E4089D40F45DC2B2D40570E886B90415E407568A219D52B2D40C2621E4391415E40E9EA330CC42B2D402D4ABF3390415E40EFD23C36B82B2D4093CDB0AC8F415E4095DAE621AE2B2D40162296838F415E40E26EB5F3A22B2D40CEFC6A0E90415E400E6D5BEF922B2D40C2621E4391415E40D772C2DF8A2B2D400E9B6D1393415E405A34F8567F2B2D40C06DB76E94415E407E9A498A7E2B2D400DEEBDAE95415E40A5356156832B2D409B60EE4996415E40CE2D196C8F2B2D4077FA9C1697415E406B35DA60972B2D40ED3E6C8E98415E402EE3A6069A2B2D40C9D57E219A415E40A62A6D718D2B2D403F7672E19B415E404E72D1DA7E2B2D400E8DDDF49D415E404190CD9F802B2D401904B1C79F415E40341E5B85832B2D409C3B5519A1415E4018FDB2C57F2B2D4054724EECA1415E40EAAF5758702B2D40B3A5FDC5A2415E4078A3456C662B2D409A8EA5B4A3415E40E955AE015B2B2D402FEC1FFAA4415E4074CC1E0D4C2B2D400F6BE0FDA7415E4006F8C9AC392B2D40739D465AAA415E40A798DE59162B2D40010A3F82AC415E40D936D60FFB2A2D409508F945AE415E405089905FE42A2D40833BAB60AF415E4080DCD9B2D72A2D4088AD8F3DB1415E4088742E7BC82A2D403A52C774B2415E40F0C407D1B52A2D40B69B85E2B3415E40198EE733A02A2D40AD2292D7B9415E4002D4D4B2B52A2D40BC1FB75FBE415E40FF902342C82A2D40D882DE1BC3415E40D6C743DFDD2A2D40A6A77E94C7415E4072A43330F22A2D401DEFE945C8415E40C4F24295F52A2D40191648F5C2415E40F7D50BF43F2B2D40399DBF64BE415E4031CCAE20722B2D40B0B618F2BE415E4047301F5A752B2D4054CC9C89C4415E40D57ABFD18E2B2D404097BA75C8415E40E38E92B2A02B2D400BF72576C8415E401C615111A72B2D4093951579C8415E407735D483DD2B2D403A64B95BC8415E40A6EECA2E182C2D402E573F36C9415E40D14E1773212C2D402DC7D056CA415E40E88AADFB222C2D40DDFA9FB2D0415E4030F2B226162C2D40DC7E9EABD2415E40CC4C1F70132C2D40A0BF756AD3415E4043215DC7132C2D40B155DD7ED4415E407EEB1E34162C2D40C5A7A55EDC415E409DC31094362C2D404BEFD1D1E0415E400403081F4A2C2D402C859BE7E3415E40BF1880FC5B2C2D4005D6BB89EB415E407073CF5F8D2C2D4080304B96EE415E405A01744EA22C2D40","Likely central/old district.","Near urban core; moderate density."
27,"Mabini J. Rizal",7882,"""2020-04-30T16:00:00.000Z""","relation/8487906","0103000020E61000000100000051000000D2EC702A88415E40376C5B94D92C2D409B2622B27E415E402F04EF9A462D2D408C40063C7A415E40629BF97A632D2D40E3CC0AA073415E4094A2957B812D2D408BF1AB834D415E404D2F3196E92B2D4020CB27D04C415E40A9633A19C12B2D40DBCEADC648415E40D356DB03632B2D40A8CD93C643415E40917C2590122B2D40D35B4DE83F415E40193C4CFBE62A2D40D0CDA38746415E40366ED685C42A2D40F7C143624C415E40005A4E9DA22A2D4012256B1E51415E40AA3418D9842A2D40D938ACBA58415E409C93CD0B662A2D406794D34359415E404468A961642A2D40F6C484E258415E4038F92D3A592A2D4063F7787C56415E40207FC40A122A2D4063F7787C56415E4083E794360B2A2D40D43C917156415E405FC1EC54AF292D40211FF46C56415E40DFFAB0DEA8292D402D40DB6A56415E402857C224A6292D409E85F35F56415E402D55B31886292D40D4F7753B56415E40D34D621058292D409E40D82956415E4058B4EF4053292D40A445C71F56415E4035DE0CED52292D401393DC065A415E40F9F36DC152292D406DDB41365A415E4085460B2B70292D40805B1C3A62415E40F6CDA21C71292D40B6E4A72762415E4011C4793881292D402B6E371C71415E402A15F99A8A292D403B8501F074415E40FDD98F1491292D404900EDFD7C415E4025F72AE8AC292D40A01C604175415E40DC20A4B8F4292D40E3FDB8FD72415E40CFA33DB9012A2D409EBC23BE6E415E4040EB2B595F2A2D40A59CD43C6C415E403B7AB2518C2A2D40AAAFF8976E415E40ECC20FCEA72A2D40929ED8F96D415E402A1C412AC52A2D407B0382EF6C415E405BBB48FCE52A2D40C933D4CD6A415E4076CE05E4012B2D404150C9946A415E407920B248132B2D40EDEF11D66B415E4079BF1B1C362B2D400F92AA926D415E407024D060532B2D4022E92EE46C415E40B80D59935D2B2D40A5129ED06B415E402B6222EF662B2D40708CAE1C6B415E4061CC4C1F702B2D40A59F70766B415E402A5437177F2B2D4028D714C86C415E40450257C38F2B2D409256218A6E415E400598439C982B2D40F6E7476870415E40E5F626E19D2B2D401329CDE671415E40CF92B6A79A2B2D40DDB0129873415E40C5C89239962B2D4065636F7374415E40A5FF9BCD992B2D40D65D34BF75415E40F2CD3637A62B2D40ED3DA6FF76415E40E0DB4F21B22B2D40AB76F28E78415E4097A7188CB62B2D40C79DD2C17A415E4072F90FE9B72B2D405BE443F57B415E4052A0AA9DBC2B2D40C092AB587C415E409C397F6EC32B2D403E4162BB7B415E40D888BBD5CE2B2D40D3D5C2D17A415E409E8834E0E22B2D403354C5547A415E40EED34C52F42B2D40FD6B79E57A415E4098DAF74D062C2D403E89192B7B415E40EF2DF6A8092C2D402C60A7FD7B415E4091628044132C2D40022379F87C415E40888D68F1182C2D402ACA00AB7E415E40BD2A61B7192C2D405F4D542580415E40ADCBDF73162C2D40A50AEB6B82415E4009579B5A112C2D40EC82667C84415E40640A31F20D2C2D4068F79AD486415E4089905FE40A2C2D40425A63D089415E4025A314BE082C2D407CC2C8818D415E4011548D5E0D2C2D4063A29CC390415E4044B1CBA6122C2D40BBCDC06D92415E40E0E0664C1C2C2D400E3F49CB92415E403E2E60B8292C2D40970B4BF292415E405C1C3AE2352C2D408CEDFF2D92415E4042058717442C2D406831C22591415E409278793A572C2D4006989E558B415E40EEE0719BBA2C2D40727F3F468A415E40FA4FEDC2C52C2D40D2EC702A88415E40376C5B94D92C2D40","Named after national heroes.","Some presence of informal settlements."